success_or_not,tar_m,place,identity,video,supp_1,supp_2,supp_3,supp_4,supp_5,supp_6,supp_7,supp_8,supp_9,supp_10,supp_11,supp_12,supp_13,supp_14,supp_15,supp_16,supp_17,supp_18,supp_19,supp_20,supp_21,supp_22,supp_23,supp_24,supp_25,supp_26,supp_27,supp_28,supp_29,supp_30,rate_1,rate_2,rate_3,rate_4,rate_5,rate_6,rate_7,rate_8,rate_9,rate_10,rate_11,rate_12,rate_13,rate_14,rate_15,rate_16,rate_17,rate_18,rate_19,rate_20,rate_21,rate_22,rate_23,rate_24,rate_25,rate_26,rate_27,rate_28,rate_29,rate_30,dis_1,dis_2,dis_3,dis_4,dis_5,dis_6,dis_7,dis_8,dis_9,dis_10,dis_11,dis_12,dis_13,dis_14,dis_15,dis_16,dis_17,dis_18,dis_19,dis_20,dis_21,dis_22,dis_23,dis_24,dis_25,dis_26,dis_27,dis_28,dis_29,dis_30,pro_1,pro_2,pro_3,pro_4,pro_5,pro_6,pro_7,pro_8,pro_9,pro_10,pro_11,pro_12,pro_13,pro_14,pro_15,pro_16,pro_17,pro_18,pro_19,pro_20,pro_21,pro_22,pro_23,pro_24,pro_25,pro_26,pro_27,pro_28,pro_29,pro_30,att_1,att_2,att_3,att_4,att_5,att_6,att_7,att_8,att_9,att_10,att_11,att_12,att_13,att_14,att_15,att_16,att_17,att_18,att_19,att_20,att_21,att_22,att_23,att_24,att_25,att_26,att_27,att_28,att_29,att_30,type
0,79990,100,0,0,0,0,0,0,0,0,0,0,0,0,0,0,0,0,0,0,0,0,0,0,0,0,0,0,0,0,0,0,0,0,0,0,0,0,0,0,0,0,0,0,0,0,0,0,0,0,0,0,0,0,0,0,0,0,0,0,0,0,0,0,0,0,0,0,0,0,0,0,0,0,0,0,0,0,0,0,0,0,0,0,0,0,0,0,0,0,0,0,0,0,2,2,2,2,2,2,2,2,2,2,2,2,2,2,2,2,2,2,2,2,2,2,2,2,2,2,2,2,2,2,1,1,1,1,1,1,1,1,1,1,1,1,1,1,1,1,1,1,1,1,1,1,1,1,1,1,1,2,3,4,0
0,12000,528,2,0,0,0,1,1,1,1,1,1,1,1,1,1,1,1,2,2,2,2,2,2,2,3,3,3,3,3,3,3,4,4,0,0,0.01,0.01,0.01,0.01,0.01,0.01,0.01,0.01,0.01,0.01,0.01,0.01,0.01,0.01,0.01,0.01,0.01,0.01,0.01,0.01,0.01,0.01,0.01,0.01,0.01,0.01,0.01,0.01,0,0,0,0,0,0,0,0,0,0,0,0,0,0,0,0,0,0,0,0,0,0,0,0,0,0,0,0,0,0,1,1,2,2,2,2,2,2,2,2,2,2,2,2,2,2,2,2,2,2,2,2,2,2,2,2,2,2,2,2,2,4,4,5,6,7,7,8,8,9,9,10,10,10,10,11,11,12,13,13,13,13,13,13,13,14,14,16,17,19,3
0,20000,514,2,1,6,9,28,45,60,64,64,65,65,65,67,67,67,67,67,67,68,68,68,68,69,69,70,71,71,71,71,71,71,71,0,0,0.01,0.07,0.14,0.17,0.17,0.18,0.18,0.18,0.18,0.18,0.18,0.18,0.18,0.18,0.18,0.18,0.18,0.18,0.19,0.19,0.2,0.2,0.2,0.2,0.2,0.2,0.2,0.2,0,0,0,1,4,4,4,4,5,6,7,7,7,7,7,7,8,8,9,9,9,9,9,9,9,9,9,9,10,10,2,2,2,2,3,3,3,3,3,3,3,3,3,3,3,3,3,3,3,3,3,3,3,3,3,3,3,3,3,3,0,2,3,7,7,7,7,7,7,7,7,7,7,7,7,7,9,9,9,9,10,11,11,11,11,11,12,12,15,16,1
0,10000,30,2,1,0,0,0,8,8,9,10,10,10,10,10,10,10,10,11,11,11,11,11,12,12,13,13,13,13,13,13,13,13,13,0,0,0,0.04,0.04,0.04,0.04,0.04,0.04,0.04,0.04,0.04,0.04,0.04,0.04,0.04,0.04,0.04,0.04,0.05,0.05,0.05,0.05,0.05,0.05,0.05,0.05,0.05,0.05,0.05,0,0,0,7,8,8,10,10,10,10,10,10,10,10,10,10,10,10,10,10,10,10,10,10,10,10,10,10,10,10,1,1,1,2,2,2,2,2,2,2,2,2,2,2,2,2,2,2,2,2,2,2,2,2,2,2,2,2,2,2,1,2,4,5,5,5,5,5,5,5,5,5,5,6,6,6,6,8,8,8,8,8,8,8,8,8,8,8,8,10,0
0,50000,518,2,0,0,0,0,0,0,0,0,0,0,0,0,0,0,0,0,0,0,0,0,0,0,0,0,0,0,0,0,0,0,0,0,0,0,0,0,0,0,0,0,0,0,0,0,0,0,0,0,0,0,0,0,0,0,0,0,0,0,0,0,0,1,1,1,1,1,1,1,1,1,1,1,1,1,1,1,1,1,1,1,1,1,1,1,1,1,1,1,1,1,1,1,1,1,1,1,1,1,1,1,1,1,1,1,1,1,1,1,1,1,1,1,1,1,1,1,1,1,1,1,1,1,1,1,1,1,1,1,1,1,1,1,1,1,1,1,1,1,1,1,1,2,2,2,2,2,3,5,7,8,8,3
1,5000,150,2,0,12,12,13,14,14,15,18,21,22,27,27,27,27,27,27,27,27,27,27,27,27,27,27,27,27,27,27,27,27,27,0.52,0.52,0.54,0.55,0.55,0.57,1.06,1.14,1.16,1.41,1.41,1.41,1.41,1.41,1.41,1.41,1.41,1.41,1.41,1.41,1.41,1.41,1.41,1.41,1.41,1.41,1.41,1.41,1.41,1.41,10,10,11,12,12,14,16,16,16,17,17,17,17,17,17,17,17,17,17,17,17,17,17,17,17,17,17,17,17,17,3,3,3,3,3,3,4,4,4,4,5,5,5,5,5,5,5,5,5,5,5,5,5,5,5,5,5,5,5,5,4,4,4,5,5,5,6,7,7,7,7,8,8,8,8,8,8,8,8,8,8,8,8,8,8,8,9,11,10,11,1
0,500000,100,2,0,5,18,18,18,18,18,18,18,18,18,18,18,18,18,18,18,18,18,18,18,18,18,18,18,18,18,18,18,18,18,0,0.01,0.01,0.01,0.01,0.01,0.01,0.01,0.01,0.01,0.01,0.01,0.01,0.01,0.01,0.01,0.01,0.01,0.01,0.01,0.01,0.01,0.01,0.01,0.01,0.01,0.01,0.01,0.01,0.01,0,5,6,7,8,7,8,8,8,8,8,8,8,8,8,8,8,8,8,8,8,8,8,8,8,8,8,8,8,8,2,2,2,2,2,2,2,2,2,2,2,2,2,2,2,2,2,2,2,2,2,2,2,2,2,2,2,2,2,2,1,2,5,5,5,5,5,5,5,5,5,5,5,5,5,5,5,5,5,5,5,5,5,5,5,5,5,5,5,5,3
0,50000,554,2,0,2,2,2,2,2,2,3,3,7,7,7,7,7,7,7,7,7,7,7,7,7,7,7,7,7,7,7,7,7,7,0.01,0.01,0.01,0.01,0.01,0.01,0.04,0.04,0.05,0.05,0.05,0.05,0.05,0.05,0.05,0.05,0.05,0.05,0.05,0.05,0.05,0.05,0.05,0.05,0.05,0.05,0.05,0.05,0.05,0.05,1,1,1,1,2,2,2,2,3,3,4,4,4,4,4,4,5,6,6,7,7,7,7,7,7,7,7,7,7,7,6,6,6,6,6,6,6,6,6,6,6,6,6,6,6,6,6,6,6,6,6,6,6,6,6,6,6,6,6,6,0,0,0,0,0,0,0,0,0,0,0,0,1,1,1,1,1,1,1,1,1,1,1,1,2,3,3,3,3,5,1
1,20000,100,2,0,0,0,1,1,1,1,1,1,1,1,8,15,24,78,86,99,114,121,128,139,144,152,155,159,175,179,187,187,204,213,0,0,0,0,0,0,0,0,0,0,0.14,0.19,0.49,0.65,0.65,0.65,0.82,0.87,0.92,1,1.03,1.04,1.04,1.07,1.18,1.23,1.33,1.33,1.37,1.44,1,1,1,1,1,1,1,1,1,1,2,5,7,9,10,10,12,12,13,14,16,16,16,16,18,21,21,21,22,24,1,1,2,2,2,2,2,2,2,2,2,2,3,4,4,4,5,5,6,6,7,7,7,7,7,7,7,7,7,7,0,0,0,0,0,0,0,1,1,1,1,1,4,4,6,6,8,9,9,9,9,11,11,11,11,15,15,15,16,16,5
0,50000,266,2,1,0,0,3,6,7,13,17,24,24,25,31,41,42,42,43,43,43,43,43,43,43,43,43,43,43,43,43,43,43,43,0,0,0.02,0.03,0.03,0.06,0.08,0.08,0.08,0.09,0.09,0.11,0.11,0.11,0.11,0.11,0.11,0.11,0.11,0.11,0.11,0.11,0.11,0.11,0.11,0.11,0.11,0.11,0.11,0.11,1,1,2,3,3,3,3,4,4,4,5,5,5,5,5,5,7,7,7,7,7,7,7,7,7,7,7,7,7,7,1,1,2,2,2,2,2,2,2,2,2,2,2,2,2,2,2,2,2,2,2,2,2,2,2,2,2,2,2,2,0,0,0,0,0,0,0,1,1,1,15,43,54,68,71,72,72,72,72,73,73,73,73,73,73,73,73,73,73,73,0
0,20000,100,3,0,0,0,0,0,0,,0,0,0,0,0,0,0,0,0,0,0,0,0,0,0,0,0,0,0,0,0,0,0,0,0,0,0,0,0,0,0,0,0,0,0,0,0,0,0,0,0,0,0,0,0,0,0,0,0,0,0,0,0,0,0,0,0,0,0,,0,0,0,0,0,0,0,0,0,0,0,0,0,0,0,0,0,0,0,0,0,0,0,0,1,1,1,1,1,,1,1,1,1,1,1,1,1,1,1,1,1,1,1,1,1,1,1,1,1,1,1,1,1,3,3,3,4,4,,4,5,5,5,5,5,5,5,5,5,5,5,5,5,5,5,5,5,5,5,5,5,5,6,3
0,5000,63,1,0,1,1,1,1,1,1,1,1,1,2,2,2,2,2,2,2,2,2,2,2,2,2,2,2,2,2,2,2,4,4,0,0,0,0,0,0,0,0,0,0.04,0.04,0.04,0.04,0.04,0.04,0.04,0.04,0.04,0.04,0.04,0.04,0.04,0.04,0.04,0.04,0.04,0.04,0.04,0.04,0.04,0,0,0,0,0,0,0,0,0,0,0,0,0,0,0,0,0,0,0,0,0,0,0,0,0,0,0,0,0,0,2,2,2,2,2,2,2,2,2,2,2,2,2,2,2,2,2,2,2,2,2,2,2,2,2,2,2,2,2,2,3,3,3,3,3,3,3,3,3,3,3,3,3,3,3,3,3,3,3,3,3,3,3,3,3,3,3,3,5,5,0
0,10000,100,1,1,15,15,18,21,22,23,24,24,25,26,26,26,27,28,28,28,28,28,28,28,28,28,28,28,28,28,28,28,28,28,0.08,0.08,0.09,0.1,0.11,0.11,0.12,0.12,0.12,0.13,0.13,0.13,0.13,0.13,0.13,0.13,0.13,0.13,0.13,0.13,0.13,0.13,0.13,0.13,0.13,0.13,0.13,0.13,0.13,0.13,0,0,0,0,0,0,0,0,0,0,0,0,0,0,0,0,1,3,3,3,3,3,3,3,3,3,3,3,3,3,2,2,2,2,2,2,2,2,2,2,2,2,2,2,2,2,2,2,2,2,2,2,2,2,2,2,2,2,2,2,3,3,3,3,4,4,5,6,6,6,6,8,8,8,9,9,9,9,9,9,9,9,10,10,10,10,10,10,11,12,5
1,10000,201,0,1,27,32,32,34,34,34,37,37,37,37,39,39,41,41,41,41,41,41,41,44,50,55,55,55,55,55,55,60,171,171,0.2,0.2,0.2,0.21,0.21,0.21,0.23,0.23,0.23,0.23,0.23,0.23,0.24,0.24,0.24,0.24,0.24,0.24,0.24,0.24,0.3,0.51,0.51,0.51,0.51,0.51,0.51,0.57,1.01,1.01,11,11,11,11,11,11,11,15,13,13,13,13,14,14,14,14,14,15,15,15,17,17,17,17,17,17,17,17,20,20,4,5,5,5,5,5,6,6,6,6,6,6,6,6,6,6,6,6,6,6,7,8,8,8,8,8,8,8,10,11,7,8,8,8,10,10,10,11,11,11,13,13,14,15,15,15,15,15,15,15,15,15,15,15,15,15,15,15,16,17,0
0,50000,725,1,0,24,24,25,28,31,32,32,32,32,32,32,32,32,32,32,32,32,32,32,32,32,32,32,32,32,32,32,32,33,33,0.01,0.01,0.01,0.01,0.02,0.02,0.02,0.02,0.02,0.02,0.02,0.02,0.02,0.02,0.02,0.02,0.02,0.02,0.02,0.02,0.02,0.02,0.02,0.02,0.02,0.02,0.02,0.02,0.02,0.02,2,2,2,3,4,4,4,4,4,4,5,5,5,5,5,5,5,5,5,5,5,5,5,5,5,5,5,5,5,5,2,2,2,2,2,2,2,2,2,2,2,2,2,2,2,2,2,2,2,2,2,2,2,2,2,2,2,2,2,2,6,6,6,6,7,7,7,7,7,8,9,9,9,9,9,9,9,11,11,11,11,11,11,11,11,12,12,13,15,16,1
0,10000,710,1,0,10,10,11,11,11,11,12,12,12,12,12,12,12,12,12,12,12,12,12,12,12,12,12,12,12,12,12,12,12,12,0.03,0.03,0.04,0.04,0.04,0.04,0.04,0.04,0.04,0.04,0.04,0.04,0.04,0.04,0.04,0.04,0.04,0.04,0.04,0.04,0.04,0.04,0.04,0.04,0.04,0.04,0.04,0.04,0.04,0.04,0,0,0,0,0,0,0,0,0,0,0,0,0,0,0,0,0,0,0,0,0,0,0,0,0,0,0,0,0,0,4,4,4,4,4,4,4,4,4,4,4,4,4,4,4,4,4,4,4,4,4,4,4,4,4,4,4,4,4,4,6,6,6,6,6,6,7,7,7,7,7,7,7,7,7,7,7,9,9,9,9,9,9,9,9,9,9,9,9,9,0
0,500,310,0,0,0,0,0,0,0,0,0,0,0,0,0,0,0,0,0,0,0,0,0,0,0,0,0,0,0,0,0,0,0,0,0,0,0,0,0,0,0,0,0,0,0,0,0,0,0,0,0,0,0,0,0,0,0,0,0,0,0,0,0,0,2,2,2,2,2,2,2,2,2,2,2,2,2,2,2,2,2,2,2,2,2,2,2,2,2,2,2,2,2,2,1,1,1,1,1,1,1,1,1,1,1,1,1,1,1,1,1,1,1,1,1,1,1,1,1,1,1,1,1,1,3,3,3,3,3,3,3,3,3,3,3,3,3,3,3,3,3,3,3,3,3,3,3,3,3,3,3,3,3,7,6
0,10000,650,1,0,4,4,4,4,4,4,4,4,4,4,4,4,4,4,4,4,4,4,4,4,4,4,4,4,4,4,4,4,4,4,0.01,0.01,0.01,0.01,0.01,0.01,0.01,0.01,0.01,0.01,0.01,0.01,0.01,0.01,0.01,0.01,0.01,0.01,0.01,0.01,0.01,0.01,0.01,0.01,0.01,0.01,0.01,0.01,0.01,0.01,5,5,5,5,5,5,5,5,5,5,5,5,5,5,5,5,5,5,5,5,5,5,5,5,5,5,5,5,5,5,2,2,2,2,2,2,2,2,2,2,2,2,2,2,2,2,2,2,2,2,2,2,2,2,2,2,2,2,2,2,4,4,4,4,4,4,4,4,4,4,4,4,4,4,4,4,4,4,4,4,4,4,4,4,4,4,4,4,5,6,1
0,9750,615,2,0,7,7,7,7,7,7,7,7,7,7,7,7,7,7,7,7,7,8,8,8,8,8,8,8,8,8,8,8,8,8,0.04,0.04,0.04,0.04,0.04,0.04,0.04,0.04,0.04,0.04,0.04,0.04,0.04,0.04,0.04,0.04,0.04,0.04,0.04,0.04,0.04,0.04,0.04,0.04,0.04,0.04,0.04,0.04,0.04,0.04,2,2,2,2,2,2,2,2,2,2,2,2,2,2,2,2,2,2,2,2,2,2,2,2,2,2,2,2,2,2,2,2,2,2,2,2,2,2,2,2,2,2,2,2,2,2,2,2,2,2,2,2,2,2,2,2,2,2,2,2,4,4,4,4,4,4,4,4,4,4,4,4,5,5,5,5,5,5,5,5,5,5,5,5,5,5,5,5,5,7,2
0,4500,233,2,0,2,2,2,2,2,2,2,2,2,2,2,2,2,2,2,2,2,2,2,2,2,2,2,2,2,2,2,2,2,2,0,0,0,0,0,0,0,0,0,0,0,0,0,0,0,0,0,0,0,0,0,0,0,0,0,0,0,0,0,0,6,6,6,6,6,6,6,6,6,6,6,6,6,6,6,6,6,6,6,6,6,6,6,6,6,6,6,6,6,6,3,3,3,3,3,3,3,3,3,3,3,3,3,3,3,3,3,3,3,3,3,3,3,3,3,3,3,3,3,3,17,17,17,17,17,17,17,17,17,17,17,17,17,17,17,17,17,17,17,17,17,17,18,18,18,18,18,18,18,20,3
0,50000,650,0,0,3,3,3,3,3,3,3,3,3,3,3,3,3,3,3,3,3,3,3,3,3,3,3,3,3,3,3,3,4,5,0,0,0,0,0,0,0,0,0,0,0,0,0,0,0,0,0,0,0,0,0,0,0,0,0,0,0,0,0,0,7,7,7,7,7,7,7,7,7,7,7,7,7,7,7,7,7,7,7,7,7,7,7,7,7,7,7,7,7,7,2,2,2,2,2,2,2,2,2,2,2,2,2,2,2,2,2,2,2,2,2,2,2,2,2,2,2,2,2,2,4,4,4,4,4,4,4,4,4,4,4,4,4,4,4,4,4,4,4,4,4,4,4,4,4,4,4,4,4,4,6
1,35000,100,1,0,46,67,77,91,143,144,146,147,147,149,150,150,150,150,156,157,167,167,167,168,171,173,175,175,176,184,188,189,190,198,0.12,0.31,0.31,0.37,0.48,0.48,0.48,0.48,0.48,0.48,0.48,0.48,0.48,0.48,0.49,0.49,0.55,0.55,0.55,0.55,0.55,0.7,0.71,0.71,0.71,0.72,0.76,0.76,0.76,1.01,28,33,35,40,42,44,47,47,47,51,50,53,52,52,52,54,55,57,57,57,59,59,61,62,62,63,64,64,64,78,4,4,4,4,4,4,4,4,4,4,4,4,4,4,5,5,5,5,5,5,5,7,7,7,7,7,7,7,8,8,20,20,24,24,25,26,26,26,28,28,28,28,28,28,29,29,29,30,31,32,33,34,35,35,37,38,38,38,40,55,4
1,16666,430,1,0,0,0,1,53,172,201,215,218,218,220,227,237,241,246,253,254,255,257,258,258,264,266,272,275,276,277,279,283,285,286,0,0,0,0.29,1.24,1.51,1.93,1.94,1.94,1.95,1.97,2.11,2.13,2.15,2.17,2.29,2.29,2.42,2.43,2.43,2.56,2.56,2.58,2.59,2.59,2.6,2.61,2.62,2.63,2.75,1,11,15,18,24,29,33,36,36,38,38,39,42,45,47,47,47,49,49,50,52,52,53,54,54,54,56,61,61,61,2,5,5,6,6,6,6,6,6,6,6,6,6,6,6,6,6,6,6,6,6,6,6,6,6,6,6,6,6,6,4,8,14,17,18,19,20,23,23,25,26,26,26,28,28,30,30,32,34,34,37,37,38,40,42,44,44,46,46,46,1
0,250000,200,0,1,33,60,62,62,62,63,63,63,63,63,63,63,63,63,63,63,63,63,63,63,63,63,63,63,63,63,63,63,63,63,0,0,0,0,0,0,0,0,0,0,0,0,0,0,0,0,0,0,0,0,0,0,0,0,0,0,0,0,0,0,3,6,6,6,6,6,6,8,8,8,8,8,8,8,8,8,8,8,8,8,8,8,8,8,8,8,9,9,9,9,3,4,4,4,4,4,4,4,4,4,4,4,4,4,4,4,4,4,4,4,4,4,4,4,4,4,4,4,4,4,4,9,12,12,16,17,18,20,21,21,21,22,22,23,23,24,24,24,24,24,25,26,26,26,27,27,27,27,31,31,0
0,1000,210,1,0,2,6,6,6,6,6,6,6,6,6,6,6,6,7,7,7,7,7,7,7,7,7,7,7,7,7,7,7,7,8,0,0.01,0.01,0.01,0.01,0.01,0.01,0.01,0.01,0.01,0.01,0.01,0.01,0.05,0.05,0.05,0.05,0.05,0.05,0.05,0.05,0.05,0.05,0.05,0.05,0.05,0.05,0.05,0.05,0.05,0,2,2,2,2,2,2,2,2,2,2,2,2,2,2,2,2,2,2,2,2,2,2,2,2,2,2,2,2,2,3,3,3,3,3,3,3,3,3,3,3,3,3,3,3,3,3,3,3,3,3,3,3,3,3,3,3,3,3,3,1,4,4,4,4,4,4,4,4,4,4,4,4,4,4,4,4,4,4,4,4,4,4,4,4,4,4,4,4,4,1
1,2000,210,0,0,18,22,29,31,33,33,38,48,54,61,66,70,71,74,82,90,97,100,101,106,111,119,133,145,149,158,159,165,166,169,0.47,0.64,1.15,1.24,1.41,1.41,1.59,2.32,2.7,2.79,3.24,3.52,3.61,3.79,4.43,4.99,5.46,5.54,5.63,5.87,6.24,6.87,7.98,8.17,9.52,9.68,9.89,10.11,11.45,11.56,12,12,14,16,18,22,29,38,39,40,42,43,44,46,47,50,55,58,58,58,60,60,63,66,67,68,69,70,71,72,2,3,6,6,6,6,6,6,7,7,8,8,8,8,8,8,8,9,9,9,9,9,9,9,10,11,12,13,14,15,9,10,12,14,15,15,16,18,19,22,25,25,25,30,34,37,38,39,39,40,42,42,42,42,43,44,45,46,47,48,6
0,20000,610,1,0,0,0,0,0,0,0,0,0,0,0,0,0,0,0,0,0,0,0,0,0,0,0,0,0,0,0,0,0,0,0,0,0,0,0,0,0,0,0,0,0,0,0,0,0,0,0,0,0,0,0,0,0,0,0,0,0,0,0,0,0,0,1,1,1,1,1,1,2,2,2,2,2,2,2,2,2,2,2,2,2,2,2,2,2,2,2,2,2,2,2,1,1,1,1,1,1,1,1,1,1,1,1,1,1,1,1,1,1,1,1,1,1,1,1,1,1,1,1,1,1,0,0,0,0,0,0,0,0,0,0,0,0,0,0,0,0,0,0,0,0,0,0,0,0,0,0,0,0,0,0,1
0,30000,35,1,0,1,1,1,1,1,1,1,1,1,1,1,1,1,1,1,1,1,1,1,1,1,1,1,1,1,1,1,1,1,1,0,0,0,0,0,0,0,0,0,0,0,0,0,0,0,0,0,0,0,0,0,0,0,0,0,0,0,0,0,0,0,2,2,2,2,2,3,4,4,4,4,4,4,4,4,4,4,5,5,5,5,5,5,5,5,5,5,5,5,5,2,2,2,2,2,2,2,2,2,2,2,2,2,2,2,2,2,2,2,2,2,2,2,2,2,2,2,2,2,2,1,1,1,1,1,1,1,1,1,1,1,1,1,1,1,1,1,1,1,1,1,1,1,1,1,1,1,1,1,1,1
0,2000,71,1,1,3,4,5,5,5,5,5,5,5,5,5,5,5,5,5,5,5,5,5,5,5,5,5,5,5,5,5,5,5,6,0,0,0,0,0,0,0,0,0,0,0,0,0,0,0,0,0,0,0,0,0,0,0,0,0,0,0,0,0,0,1,2,2,2,2,2,2,2,2,2,2,2,2,2,2,2,2,2,2,2,2,2,2,2,2,2,2,2,2,2,2,2,2,2,2,2,2,2,2,2,2,2,2,2,2,2,2,2,2,2,2,2,2,2,2,2,2,2,2,2,0,1,2,2,2,2,2,2,2,2,2,2,2,2,2,2,2,2,2,2,2,2,2,2,2,2,2,2,2,2,1
1,5000,71,1,0,5,16,16,16,16,16,16,17,18,19,29,30,31,31,31,33,34,34,34,34,34,35,35,35,35,35,36,49,49,49,0.11,0.48,0.48,0.48,0.48,0.48,0.48,0.5,0.53,0.55,0.65,0.66,0.67,0.67,0.67,0.69,0.71,0.71,0.71,0.71,0.71,0.72,0.72,0.72,0.72,0.72,0.74,1.01,1.01,1.01,1,4,4,4,5,6,7,7,7,7,8,8,8,9,9,9,10,10,10,10,10,10,10,12,12,12,13,14,14,14,2,2,2,2,2,2,2,3,3,3,3,3,3,3,3,3,3,3,3,3,3,3,3,3,3,3,3,5,5,5,4,6,6,6,6,6,6,6,6,6,6,6,6,6,6,6,6,6,6,6,6,7,7,7,7,7,8,9,9,9,1
0,500,100,2,0,0,0,0,0,0,2,2,4,4,4,5,5,5,5,6,6,6,6,7,9,11,12,14,15,15,15,18,21,21,22,0,0,0,0,0,0.08,0.08,0.15,0.15,0.15,0.19,0.19,0.19,0.19,0.23,0.23,0.23,0.23,0.27,0.34,0.42,0.46,0.53,0.57,0.57,0.57,0.68,0.8,0.8,0.84,0,0,0,0,0,2,2,2,2,2,2,2,2,2,2,2,2,2,2,2,3,3,3,3,4,4,4,6,6,7,1,1,1,1,1,2,2,2,2,2,2,2,2,2,2,2,2,2,2,2,2,2,3,3,3,3,3,3,3,3,0,0,0,0,0,2,4,4,4,4,5,6,6,7,8,8,8,8,8,8,8,9,10,12,12,12,12,12,13,13,3
0,6688,100,1,0,0,0,0,0,0,16,18,29,44,44,50,50,50,50,50,50,50,50,50,50,50,50,50,50,50,50,50,50,50,50,0,0,0,0,0,0.01,0.01,0.01,0.01,0.01,0.01,0.01,0.01,0.01,0.01,0.01,0.01,0.01,0.01,0.01,0.01,0.01,0.01,0.01,0.01,0.01,0.01,0.01,0.01,0.01,1,2,1,2,1,1,1,1,2,2,2,2,2,2,2,2,2,2,2,2,2,2,2,2,2,2,2,2,2,3,1,1,1,1,1,2,2,2,2,2,3,3,3,3,3,3,3,3,3,3,3,3,3,3,3,3,3,3,3,3,0,0,0,0,0,3,3,3,3,3,4,5,5,5,5,5,5,5,5,5,5,5,5,5,5,5,5,5,5,5,0
1,5000,100,1,1,5,5,5,5,6,7,8,9,9,9,9,10,10,10,10,10,11,11,11,11,13,13,13,13,14,15,16,17,18,19,0.31,0.31,0.31,0.31,0.34,0.37,0.57,0.6,0.6,0.6,0.6,0.8,0.8,0.8,0.8,0.8,0.83,0.83,0.83,0.83,1.08,1.08,1.08,1.08,1.12,1.15,1.18,1.19,1.24,1.28,5,5,5,5,5,8,11,12,12,12,12,13,15,17,17,19,19,19,19,19,19,19,19,20,21,22,23,24,25,26,3,3,4,4,4,4,5,6,6,6,6,6,6,6,6,6,6,6,6,6,8,8,8,9,10,11,12,13,14,15,3,4,4,4,6,6,6,6,6,6,6,6,6,7,7,8,8,8,8,9,10,10,10,10,11,12,13,14,15,16,1
0,100000,71,1,1,1,2,2,2,2,2,2,2,2,2,2,2,2,2,2,2,2,2,2,2,2,2,2,2,2,2,2,2,2,2,0,0,0,0,0,0,0,0,0,0,0,0,0,0,0,0,0,0,0,0,0,0,0,0,0,0,0,0,0,0,0,1,1,1,1,1,1,1,1,1,1,1,1,1,1,1,1,1,1,1,1,1,1,1,1,1,1,1,1,1,2,2,2,2,2,2,2,2,2,2,2,2,2,2,2,2,2,2,2,2,2,2,2,2,2,2,2,2,2,2,1,2,2,2,2,2,2,2,2,2,2,2,2,2,2,2,2,2,2,2,2,2,2,2,2,2,2,2,2,2,1
0,10000,23,1,0,0,1,1,1,1,1,1,1,1,1,1,1,1,1,1,1,1,1,1,1,1,1,1,1,1,1,1,2,2,2,0,0,0,0,0,0,0,0,0,0,0,0,0,0,0,0,0,0,0,0,0,0,0,0,0,0,0,0,0,0,0,1,1,1,1,1,1,2,2,2,2,2,2,2,2,2,2,3,3,3,3,3,3,3,3,3,3,3,3,3,1,2,2,2,2,2,2,2,2,2,2,2,2,2,2,2,2,2,2,2,2,2,2,2,2,2,2,2,2,2,1,1,1,1,1,1,1,1,1,1,1,2,2,2,2,2,2,2,2,2,2,2,2,2,2,2,2,2,2,2,1
0,5000,23,1,0,2,5,6,6,6,6,6,8,8,8,8,8,8,8,8,8,8,8,8,8,8,8,8,8,8,8,8,9,9,9,0.01,0.03,0.03,0.03,0.03,0.03,0.03,0.04,0.04,0.04,0.04,0.04,0.04,0.04,0.04,0.04,0.04,0.04,0.04,0.04,0.04,0.04,0.04,0.04,0.04,0.04,0.04,0.04,0.04,0.04,0,3,4,4,5,5,5,5,5,5,5,5,5,5,5,5,5,5,5,5,5,5,5,6,6,6,6,6,6,6,2,2,2,2,2,2,2,2,2,2,2,2,2,2,2,2,2,2,2,2,2,2,2,2,2,2,2,2,2,2,3,3,3,3,3,3,3,3,4,4,4,4,5,5,6,6,6,6,6,6,6,6,6,6,6,6,6,6,6,6,1
0,2900,23,0,0,0,0,0,0,0,0,0,0,0,0,0,0,0,0,0,0,0,0,0,0,0,0,0,0,0,0,0,0,0,0,0,0,0,0,0,0,0,0,0,0,0,0,0,0,0,0,0,0,0,0,0,0,0,0,0,0,0,0,0,0,0,0,0,0,0,0,0,0,0,0,0,0,0,0,0,0,0,0,0,0,0,0,0,0,0,0,0,0,0,0,1,1,1,1,1,1,1,1,1,1,1,1,1,1,1,1,1,1,1,1,1,1,1,1,1,1,1,1,1,1,0,1,1,2,2,2,2,2,2,2,2,2,2,2,2,2,2,2,0,1,1,2,2,2,2,2,2,2,2,2,0
0,3000,51,1,0,1,1,1,1,1,1,1,1,1,1,1,1,1,1,1,1,1,1,1,1,1,1,1,1,1,1,1,1,1,1,0.01,0.01,0.01,0.01,0.01,0.01,0.01,0.01,0.01,0.01,0.01,0.01,0.01,0.01,0.01,0.01,0.01,0.01,0.01,0.01,0.01,0.01,0.01,0.01,0.01,0.01,0.01,0.01,0.01,0.01,2,1,1,1,1,1,2,3,3,3,3,3,3,2,1,1,1,1,1,2,3,3,3,3,3,3,1,1,1,1,2,2,2,2,2,2,2,2,2,2,2,2,2,2,2,2,2,2,2,2,2,2,2,2,2,2,2,2,2,2,0,2,2,2,2,2,2,2,3,3,4,4,4,0,2,2,2,2,2,2,2,3,3,4,4,4,2,2,2,2,0
0,10000,51,1,1,0,7,8,8,8,8,8,8,8,8,8,8,8,8,8,8,8,8,8,8,8,8,8,8,8,8,8,8,8,8,0,0.09,0.11,0.11,0.11,0.11,0.11,0.11,0.11,0.11,0.11,0.11,0.11,0.11,0.11,0.11,0.11,0.11,0.11,0.11,0.11,0.11,0.11,0.11,0.11,0.11,0.11,0.11,0.11,0.11,0,4,4,4,4,5,5,7,7,7,7,7,7,7,7,7,8,9,9,9,9,9,9,9,9,9,9,9,9,9,1,2,2,2,2,2,2,2,2,2,2,2,2,2,2,2,2,2,2,2,2,2,2,2,2,2,2,2,2,2,0,2,2,2,2,2,2,2,2,2,2,2,2,2,2,2,2,2,2,2,2,2,2,2,2,2,2,2,2,2,1
0,6666,51,0,0,0,2,3,3,3,3,3,3,4,4,4,4,4,4,4,4,4,4,4,4,4,4,4,4,4,4,4,4,4,4,0,0,0.01,0.01,0.01,0.01,0.01,0.01,0.01,0.01,0.01,0.01,0.01,0.01,0.01,0.01,0.01,0.01,0.01,0.01,0.01,0.01,0.01,0.01,0.01,0.01,0.01,0.01,0.01,0.01,1,2,2,2,2,2,2,2,2,2,2,2,2,2,2,3,3,3,3,3,3,3,3,3,3,3,3,3,3,3,1,2,2,2,2,2,2,3,3,4,4,4,4,4,4,4,4,4,4,4,4,4,4,4,4,4,4,4,4,4,1,1,1,2,2,2,2,2,3,3,3,3,3,3,3,3,3,3,3,3,3,3,3,3,3,3,3,3,3,3,6
1,20000,100,0,0,69,76,83,88,93,94,98,106,117,119,182,182,182,183,183,183,185,187,187,187,188,189,190,192,195,196,198,199,200,201,0.37,0.4,0.58,0.61,0.64,0.64,0.67,0.7,0.75,0.76,1.23,1.23,1.23,1.24,1.24,1.24,1.26,1.27,1.27,1.27,1.28,1.29,1.33,1.39,1.4,1.49,1.55,1.56,1.59,1.66,6,8,8,9,9,9,11,14,14,15,23,24,27,27,27,27,27,27,27,27,27,28,29,30,31,32,33,34,35,36,3,3,4,4,4,4,4,5,5,5,7,7,7,7,7,7,7,7,7,7,7,8,9,10,11,12,13,14,15,16,15,16,18,18,18,19,19,19,20,20,25,25,27,27,27,27,27,28,28,28,28,29,30,31,32,33,34,35,36,37,6
0,5000,250,1,1,20,26,27,27,27,28,28,28,29,29,29,29,29,29,29,29,29,29,29,29,29,29,29,29,29,29,29,29,29,29,0.09,0.21,0.23,0.23,0.23,0.23,0.23,0.23,0.24,0.24,0.24,0.24,0.24,0.24,0.24,0.24,0.24,0.24,0.24,0.24,0.24,0.24,0.24,0.24,0.24,0.24,0.24,0.24,0.24,0.24,4,6,6,6,6,7,8,8,7,7,7,7,7,7,7,7,7,7,7,7,7,7,7,7,7,7,7,7,7,7,2,2,2,2,2,2,2,2,2,2,2,2,2,2,2,2,2,2,2,2,2,2,2,2,2,2,2,2,2,2,0,6,8,9,10,10,10,10,10,10,10,10,10,10,10,10,10,10,10,10,10,10,10,10,10,10,10,10,10,10,2
0,38000,30,1,0,1,2,2,2,2,2,2,2,2,2,2,2,2,2,2,2,2,2,2,2,2,2,2,2,2,2,2,3,3,3,0,0,0,0,0,0,0,0,0,0,0,0,0,0,0,0,0,0,0,0,0,0,0,0,0,0,0,0,0,0,0,2,2,2,2,2,2,2,2,2,2,2,2,2,2,2,2,2,2,2,2,2,2,2,2,2,2,2,2,2,3,3,3,3,3,3,3,3,3,3,3,3,3,3,3,3,3,3,3,3,3,3,3,3,3,3,3,3,3,3,0,0,0,0,0,0,0,0,0,0,0,0,0,0,0,0,0,0,0,0,0,0,0,0,0,0,0,0,0,0,1
0,50000,830,1,0,3,3,3,3,3,3,4,4,4,4,4,4,4,4,3,3,3,3,3,3,4,4,4,4,4,4,4,4,4,4,0,0,0,0,0,0,0,0,0,0,0,0,0,0,0,0,0,0,0,0,0,0,0,0,0,0,0,0,0,0,4,4,4,4,4,4,4,4,4,4,4,4,4,4,4,4,4,4,4,4,4,4,4,4,4,4,4,4,4,4,2,2,2,2,2,2,2,2,2,2,2,2,2,2,2,2,2,2,2,2,2,2,2,2,2,2,2,2,2,2,2,2,2,2,2,2,2,2,2,2,2,2,2,2,2,2,2,2,2,2,2,2,2,2,2,2,2,2,2,2,1
1,6000,100,1,1,0,5,5,6,8,8,8,8,8,8,8,8,8,8,8,8,8,8,8,8,25,25,26,27,28,29,30,31,32,33,0,0.09,0.09,0.09,0.1,0.1,0.1,0.1,0.1,0.1,0.1,0.1,0.1,0.1,0.1,0.1,0.1,0.1,0.1,0.1,1.03,1.03,1.12,1.23,1.41,1.42,1.46,1.49,1.52,1.57,0,2,2,2,2,3,3,3,4,4,4,4,4,4,4,4,4,4,4,4,4,4,8,9,10,11,12,13,14,15,1,2,2,2,2,2,2,2,2,2,2,2,2,2,2,2,2,2,2,2,3,3,5,6,7,8,9,10,11,12,0,2,2,2,3,3,4,4,4,4,4,5,5,5,5,5,5,5,5,5,5,5,8,9,10,11,12,13,14,15,1
0,5000,51,1,1,2,3,3,3,3,3,3,3,3,3,3,3,4,4,4,4,4,4,4,4,4,4,4,4,4,4,4,4,4,4,0,0.01,0.01,0.01,0.01,0.01,0.01,0.01,0.01,0.01,0.01,0.01,0.02,0.02,0.02,0.02,0.02,0.02,0.02,0.02,0.02,0.02,0.02,0.02,0.02,0.02,0.02,0.02,0.02,0.02,2,4,4,4,4,4,4,5,5,5,5,5,5,5,5,5,5,6,6,6,6,6,6,6,6,6,6,6,6,6,2,2,2,2,2,2,2,2,2,2,2,2,2,2,2,2,2,2,2,2,2,2,2,2,2,2,2,2,2,2,4,8,9,9,9,9,9,9,9,9,9,9,9,9,9,9,9,9,9,9,10,10,10,10,10,10,10,10,10,10,1
0,30000,310,1,0,3,3,3,4,4,4,4,4,4,4,4,4,4,4,4,4,4,4,4,4,4,4,4,4,4,4,4,4,4,4,0,0,0,0,0,0,0,0,0,0,0,0,0,0,0,0,0,0,0,0,0,0,0,0,0,0,0,0,0,0,2,2,2,2,2,2,3,3,3,3,3,3,3,3,3,3,3,3,3,3,3,3,3,3,3,3,3,3,3,3,3,3,3,3,3,3,3,3,3,3,3,3,3,3,3,3,3,3,3,3,3,3,3,3,3,3,3,3,3,3,5,5,5,6,6,6,6,6,6,6,6,6,6,6,6,6,6,6,6,6,6,6,6,6,6,6,6,6,6,6,1
1,1000,250,1,0,1,9,9,11,14,16,20,23,36,40,41,43,43,44,44,45,46,47,47,47,48,49,50,50,50,53,54,57,56,60,0,0.28,0.28,0.32,0.53,0.59,0.67,0.77,0.95,1.06,1.07,1.12,1.12,1.12,1.12,1.12,1.14,1.17,1.17,1.17,1.12,1.12,1.12,1.12,1.12,1.12,1.13,1.13,1.14,1.15,1,5,5,5,6,6,6,6,7,8,8,9,9,9,9,9,9,9,9,9,10,11,12,13,14,15,16,17,18,19,2,3,3,3,4,4,5,5,6,9,9,9,9,9,9,9,9,9,9,9,10,11,12,13,14,15,16,17,18,18,3,6,6,7,8,9,11,12,14,15,15,16,16,16,16,16,16,16,16,16,17,18,19,20,21,22,23,24,25,26,1
0,10000,150,0,0,1,1,1,1,1,1,1,1,1,1,1,1,1,1,1,1,1,1,1,2,1,1,1,1,2,1,1,1,1,2,0,0,0,0,0,0,0,0,0,0,0,0,0,0,0,0,0,0,0,0,0,0,0,0,0,0,0,0,0,0,0,0,2,0,0,2,2,2,2,2,2,2,2,2,2,2,2,2,2,2,2,2,2,2,2,2,2,2,2,2,2,2,2,2,2,2,2,2,2,2,2,2,2,2,2,2,2,2,2,2,2,2,2,2,2,2,2,2,2,2,1,1,2,1,1,2,2,2,2,3,3,3,3,3,3,3,3,3,3,3,3,3,3,3,3,3,3,3,3,3,0
1,1000,150,1,1,8,11,11,12,15,15,19,22,22,22,22,24,24,25,25,27,27,28,29,29,33,34,35,37,40,41,43,45,48,49,0.36,0.52,0.52,0.59,0.72,0.72,0.99,1.15,1.15,1.15,1.15,1.25,1.25,1.32,1.32,1.14,1.14,1.14,1.15,1.15,1.16,1.16,1.16,1.17,1.18,1.19,1.2,1.2,1.22,1.22,3,3,3,3,4,4,9,13,13,13,13,13,13,13,13,14,15,16,17,18,19,20,21,22,23,24,25,26,27,28,2,3,3,3,3,3,4,5,5,5,5,5,5,5,6,7,8,9,10,11,11,11,14,15,16,17,18,19,20,20,3,3,3,3,4,5,6,6,6,6,7,8,8,8,8,9,10,11,12,13,14,15,16,17,18,19,20,21,22,23,1
0,10000,51,1,0,0,1,1,1,1,1,1,1,1,1,1,1,1,1,1,1,1,1,1,1,1,1,1,1,1,1,1,1,1,1,0,0.01,0.01,0.01,0.01,0.01,0.01,0.01,0.01,0.01,0.01,0.01,0.01,0.01,0.01,0.01,0.01,0.01,0.01,0.01,0.01,0.01,0.01,0.01,0.01,0.01,0.01,0.01,0.01,0.01,0,0,0,0,0,2,2,2,2,2,2,2,2,2,2,2,2,2,2,2,2,2,2,2,2,2,2,2,2,2,1,2,2,2,2,2,2,2,2,2,2,2,2,2,2,2,2,2,2,2,2,2,2,2,2,2,2,2,2,2,1,1,1,1,1,1,1,1,1,1,1,1,1,1,1,1,1,1,1,1,1,1,1,1,1,1,1,1,1,1,1
0,10000,730,1,0,2,4,4,5,5,5,5,5,5,5,5,5,5,5,5,6,5,5,5,5,5,5,5,5,5,5,6,5,5,5,0,0.01,0.01,0.02,0.02,0.02,0.02,0.02,0.02,0.02,0.02,0.02,0.02,0.02,0.02,0.02,0.02,0.02,0.02,0.02,0.02,0.02,0.02,0.02,0.02,0.02,0.02,0.02,0.02,0.02,0,0,0,0,0,0,0,0,0,0,0,0,0,0,0,0,0,0,0,0,0,0,0,0,0,0,0,0,0,0,2,2,2,2,2,2,2,2,2,2,2,2,2,2,2,2,2,2,2,2,2,2,2,2,2,2,2,2,2,2,2,4,5,5,5,6,6,6,6,6,6,6,6,6,6,6,6,6,6,6,6,6,6,6,6,6,6,6,6,6,2
0,2000,30,1,0,1,2,2,2,2,2,2,2,2,2,2,2,2,2,2,2,2,2,2,2,2,2,2,2,2,2,2,2,2,2,0,0,0,0,0,0,0,0,0,0,0,0,0,0,0,0,0,0,0,0,0,0,0,0,0,0,0,0,0,0,2,2,2,2,2,2,2,2,2,2,2,2,2,2,2,2,2,2,2,2,2,2,2,2,2,2,2,2,2,2,2,2,2,2,2,2,2,2,2,2,2,2,2,2,2,2,2,2,2,2,2,2,2,2,2,2,2,2,2,2,2,3,3,4,4,4,4,4,4,4,4,4,4,4,4,4,4,4,4,4,4,4,4,4,4,4,4,4,4,4,1
0,5000,23,0,1,1,1,1,1,1,1,1,1,1,1,1,3,4,4,4,4,4,4,4,4,4,4,4,4,4,4,4,5,5,5,0,0,0,0,0,0,0,0,0,0,0,0.03,0.03,0.03,0.03,0.03,0.03,0.03,0.03,0.03,0.03,0.03,0.03,0.03,0.03,0.03,0.03,0.03,0.03,0.03,1,1,1,1,1,1,1,1,1,1,1,0,0,0,0,0,0,0,0,0,0,0,0,0,0,0,0,0,0,0,2,2,2,2,2,2,2,2,2,2,2,3,3,3,3,3,3,3,3,3,3,3,3,3,3,3,3,3,3,3,1,1,1,1,1,1,1,1,1,1,1,1,4,5,5,5,5,5,5,5,5,5,5,5,5,5,5,5,5,5,0
0,26200,100,2,0,10,10,10,10,10,10,10,10,10,10,10,10,10,10,10,10,10,11,12,22,26,26,26,26,26,26,28,28,28,28,0.01,0.01,0.01,0.01,0.01,0.01,0.01,0.01,0.01,0.01,0.01,0.01,0.01,0.01,0.01,0.01,0.01,0.01,0.04,0.08,0.1,0.1,0.1,0.1,0.1,0.1,0.11,0.11,0.11,0.11,0,0,0,0,0,0,0,0,0,0,0,0,0,0,0,0,0,0,2,6,6,6,7,7,6,6,6,6,7,7,2,2,2,2,2,2,2,2,2,2,2,2,2,2,2,2,2,2,2,2,2,2,2,2,2,2,2,2,2,2,4,4,4,4,4,4,4,4,4,4,4,4,4,4,4,4,4,4,4,5,5,6,6,6,6,6,6,6,6,6,2
0,80000,23,0,0,11,18,31,31,31,32,33,33,33,34,34,34,34,34,34,34,34,34,34,34,34,34,34,34,34,34,34,34,34,34,0,0.02,0.07,0.07,0.07,0.07,0.07,0.07,0.07,0.07,0.07,0.07,0.07,0.07,0.07,0.07,0.07,0.07,0.07,0.07,0.07,0.07,0.07,0.07,0.07,0.07,0.07,0.07,0.07,0.07,0,6,6,6,8,10,12,25,34,32,32,34,36,39,40,40,40,40,41,41,41,42,42,43,45,46,47,47,47,48,2,2,2,2,2,2,2,2,2,2,2,2,2,2,2,2,2,2,2,2,2,2,2,2,2,2,2,2,2,2,2,3,5,6,7,7,7,8,9,10,10,10,10,10,10,10,10,10,11,11,11,11,11,11,12,14,14,14,14,15,0
1,3000,23,1,0,2,3,4,4,4,4,4,4,4,4,4,4,4,4,4,4,4,4,4,4,4,4,4,4,4,4,4,4,4,14,0.06,0.22,0.23,0.23,0.23,0.23,0.23,0.23,0.23,0.23,0.23,0.23,0.23,0.23,0.23,0.23,0.23,0.23,0.23,0.23,0.23,0.23,0.23,0.23,0.23,0.23,0.23,0.23,0.23,1.01,2,5,5,5,5,6,6,7,7,7,7,7,7,7,7,7,7,7,8,8,8,8,8,8,8,9,9,9,9,9,2,2,3,3,4,5,5,5,5,5,5,5,5,5,5,7,8,8,8,8,8,8,8,8,8,8,8,8,8,9,3,4,4,5,5,5,5,6,6,6,6,6,6,6,6,6,6,6,6,6,6,6,6,6,6,6,6,6,6,6,1
0,20000,100,1,0,0,0,0,0,0,0,0,0,0,0,0,0,0,0,0,0,0,0,0,0,0,0,0,0,0,0,0,0,0,0,0,0,0,0,0,0,0,0,0,0,0,0,0,0,0,0,0,0,0,0,0,0,0,0,0,0,0,0,0,0,0,1,1,1,1,1,1,1,1,1,1,1,1,1,1,1,1,1,1,1,1,1,1,1,1,1,1,1,1,1,1,1,1,1,1,1,1,1,1,1,1,1,1,1,1,1,1,1,1,1,1,1,1,1,1,1,1,1,1,1,0,0,0,0,0,0,0,0,0,0,0,0,0,0,0,0,0,0,0,0,0,0,0,0,0,0,0,0,0,0,1
0,30000,250,1,0,0,0,0,0,0,0,0,0,0,0,0,0,0,0,0,0,0,0,0,0,0,0,0,0,0,0,0,0,0,0,0,0,0,0,0,0,0,0,0,0,0,0,0,0,0,0,0,0,0,0,0,0,0,0,0,0,0,0,0,0,0,1,1,1,1,1,1,1,1,1,1,1,1,1,1,1,1,1,1,1,1,1,1,1,1,1,1,1,1,1,1,1,1,1,1,1,1,1,1,1,1,1,1,1,1,1,1,1,1,1,1,1,1,1,1,1,1,1,1,1,1,2,2,2,2,2,2,2,2,2,2,2,2,2,2,2,2,2,2,2,2,2,2,2,2,2,2,2,2,2,1
0,5000,450,1,0,1,2,2,2,2,2,2,2,2,2,2,2,2,2,2,2,2,2,2,2,2,2,2,2,2,3,3,3,3,3,0,0,0,0,0,0,0,0,0,0,0,0,0,0,0,0,0,0,0,0,0,0,0,0,0,0,0,0,0,0,3,2,2,2,2,2,2,2,2,2,2,2,2,2,2,2,2,2,2,2,2,2,2,2,2,2,2,2,2,2,2,2,2,2,2,2,2,2,2,2,2,2,2,2,2,2,2,2,2,2,2,2,2,2,2,2,2,2,2,2,2,3,4,4,4,6,6,6,6,6,6,6,6,6,6,6,6,6,6,6,6,6,6,6,6,6,6,6,6,6,0
0,10000,51,3,0,0,0,0,0,0,0,0,0,0,0,0,0,0,0,0,0,0,0,0,4,4,4,4,4,4,4,4,4,4,4,0,0,0,0,0,0,0,0,0,0,0,0,0,0,0,0,0,0,0,0.03,0.03,0.03,0.03,0.03,0.03,0.03,0.03,0.03,0.03,0.03,1,0,0,0,0,0,0,0,0,0,0,0,0,0,0,0,1,1,1,1,1,1,1,1,1,1,1,1,1,1,1,1,1,1,1,1,1,1,1,1,1,1,1,1,1,1,1,1,1,2,2,2,2,2,2,2,2,2,2,2,1,2,4,4,4,4,4,4,4,4,4,4,4,4,4,4,4,4,4,4,5,5,5,5,5,5,5,5,5,5,3
0,5000,650,1,0,1,1,1,1,1,1,1,1,1,1,1,1,1,1,1,1,1,1,1,1,1,1,1,1,1,1,1,1,1,1,0,0,0,0,0,0,0,0,0,0,0,0,0,0,0,0,0,0,0,0,0,0,0,0,0,0,0,0,0,0,1,1,1,1,1,1,1,1,1,1,1,1,1,1,1,1,1,1,1,1,1,1,1,1,1,1,1,1,1,2,2,2,2,2,2,2,2,2,2,2,2,2,2,2,2,2,2,2,2,2,2,2,2,2,2,2,2,2,2,2,1,1,1,1,1,1,1,1,1,1,2,2,2,2,2,2,2,2,2,2,2,2,2,2,2,2,2,2,2,2,1
0,30000,23,0,0,14,16,19,19,26,27,28,28,30,30,32,32,33,33,33,34,34,35,36,37,43,46,46,47,47,47,47,47,47,47,0.06,0.06,0.07,0.07,0.1,0.1,0.11,0.11,0.12,0.12,0.117933333,0.117933333,0.12,0.12,0.12,0.12,0.12,0.12,0.12,0.13,0.17,0.17,0.17,0.18,0.18,0.18,0.18,0.18,0.18,0.18,5,14,15,15,16,16,20,21,20,20,20,20,22,22,22,22,23,25,25,25,25,25,25,25,25,25,25,25,25,25,3,3,3,3,3,3,3,3,3,3,3,3,3,3,3,3,3,3,3,3,3,3,3,3,3,3,3,3,3,3,1,4,4,5,6,6,6,7,7,7,7,7,7,7,8,8,8,8,8,8,8,9,9,9,10,10,10,10,10,10,0
0,4000,250,1,0,0,0,0,0,0,0,0,0,0,0,0,0,0,0,0,0,0,0,0,0,0,0,0,0,0,0,0,0,1,1,0,0,0,0,0,0,0,0,0,0,0,0,0,0,0,0,0,0,0,0,0,0,0,0,0,0,0,0,0,0,2,0,0,0,0,0,0,0,0,0,0,0,0,0,0,0,0,0,0,0,0,0,0,0,0,0,0,0,0,0,1,1,1,1,1,1,1,1,1,1,1,1,1,1,1,1,1,1,1,1,1,1,1,1,1,1,1,1,2,2,0,0,0,0,0,0,0,0,0,0,0,0,0,0,0,0,0,0,0,0,0,0,0,0,0,0,0,0,1,1,0
1,10000,200,1,0,274,312,317,320,324,326,344,348,352,360,364,367,369,371,373,373,374,376,380,382,384,384,387,388,389,389,389,391,394,395,2.07,2.28,2.29,2.31,2.32,2.38,2.45,2.46,2.51,2.53,2.57,2.58,2.58,2.58,2.58,2.58,2.58,2.6,2.6,2.6,2.6,2.6,2.61,2.61,2.61,2.61,2.61,2.61,2.64,2.64,23,25,25,25,26,26,27,29,30,30,30,30,31,31,31,33,33,33,34,34,35,36,37,37,37,38,39,39,39,39,6,7,7,7,7,7,7,7,7,7,7,7,7,7,7,7,7,7,7,7,7,7,7,7,7,7,7,7,7,7,10,15,16,16,16,17,17,19,19,19,19,19,19,19,19,19,20,20,20,21,21,21,21,21,21,21,21,21,21,21,5
1,10000,100,1,0,77,96,105,124,141,145,148,152,172,177,183,184,184,186,186,186,187,189,190,191,194,196,199,202,203,207,207,208,208,209,1.35,1.47,1.51,1.64,1.83,1.85,1.87,1.9,2.07,2.1,2.18,2.18,2.18,2.19,2.19,2.19,2.2,2.26,2.26,2.27,2.35,2.36,2.36,2.38,2.38,2.4,2.4,2.4,2.4,2.41,7,25,25,28,29,39,44,43,45,47,47,49,49,50,50,51,51,51,51,53,53,57,57,57,56,56,56,56,57,57,6,6,7,7,7,7,7,7,7,7,7,7,7,7,7,7,7,7,7,7,7,7,7,7,7,7,7,7,7,7,7,9,12,12,12,12,12,12,21,23,25,26,26,26,26,26,27,27,28,28,28,28,28,29,30,30,31,32,32,32,5
1,2000,100,1,1,2,5,7,7,7,7,7,10,10,10,10,10,11,12,12,13,13,13,13,13,13,13,13,13,13,13,13,13,13,13,0.01,0.27,0.49,0.49,0.49,0.49,0.49,0.83,0.83,0.83,0.83,0.83,0.95,1.03,1.03,1.03,1.03,1.03,1.03,1.03,1.03,1.03,1.03,1.03,1.03,1.03,1.03,1.03,1.03,1.03,0,0,2,3,4,5,5,6,7,8,9,12,14,14,15,14,14,14,14,14,14,15,15,15,15,15,15,15,16,16,2,2,3,3,3,3,3,3,3,3,3,3,4,5,5,5,5,5,5,5,5,5,5,5,5,5,5,5,5,5,2,2,2,2,2,3,3,3,4,5,7,8,8,8,8,8,9,9,10,10,10,10,10,10,10,10,10,10,10,10,1
0,5000,550,1,0,10,29,31,31,31,31,31,32,33,33,33,33,33,33,33,33,33,33,36,36,36,36,36,36,36,36,36,36,36,37,0.11,0.14,0.15,0.15,0.15,0.15,0.15,0.15,0.15,0.15,0.15,0.15,0.15,0.15,0.15,0.15,0.15,0.15,0.15,0.15,0.15,0.15,0.15,0.15,0.15,0.15,0.15,0.15,0.15,0.15,0,4,6,7,7,9,9,9,9,9,9,11,11,11,11,12,12,12,12,12,12,12,14,14,15,15,16,17,17,17,2,2,2,2,2,2,2,2,2,2,2,2,2,2,2,2,2,2,2,2,2,2,2,2,2,2,2,2,2,2,2,6,7,7,7,7,7,8,8,8,8,8,8,8,9,9,9,9,9,9,9,9,9,9,9,9,9,9,9,9,1
0,2500,530,1,0,1,1,1,1,1,1,1,1,1,1,1,1,1,1,1,1,1,1,1,1,1,1,1,1,1,1,1,1,1,1,0,0,0,0,0,0,0,0,0,0,0,0,0,0,0,0,0,0,0,0,0,0,0,0,0,0,0,0,0,0,1,1,1,1,1,1,1,1,1,1,1,1,1,1,1,1,1,1,1,1,1,1,1,1,1,1,1,1,1,1,2,2,2,3,3,3,3,3,3,3,3,3,3,3,3,3,3,3,3,3,3,3,3,3,3,3,3,3,3,3,0,0,0,0,0,0,0,0,0,0,0,0,0,0,0,0,0,0,0,0,0,0,0,0,0,0,0,0,0,0,0
0,100000,23,0,0,1,1,1,1,1,1,1,1,1,1,1,1,1,1,1,1,1,1,1,1,1,1,1,1,1,1,1,1,1,1,0,0,0,0,0,0,0,0,0,0,0,0,0,0,0,0,0,0,0,0,0,0,0,0,0,0,0,0,0,0,0,0,0,0,0,0,0,0,0,0,0,0,0,0,0,0,0,0,0,0,0,0,0,0,0,0,0,0,0,0,2,2,2,2,2,2,2,2,2,2,2,2,2,2,2,2,2,2,2,2,2,2,2,2,2,2,2,2,2,2,1,2,2,2,2,2,2,2,2,2,2,2,2,2,3,3,3,3,3,3,3,3,3,3,3,3,3,3,3,3,0
0,3000,71,1,0,0,2,2,2,2,2,2,2,2,2,2,2,2,2,2,2,2,2,2,2,2,2,2,2,2,2,2,2,2,2,0,0.03,0.03,0.03,0.03,0.03,0.03,0.03,0.03,0.03,0.03,0.03,0.03,0.03,0.03,0.03,0.03,0.03,0.03,0.03,0.03,0.03,0.03,0.03,0.03,0.03,0.03,0.03,0.03,0.03,0,0,0,0,0,2,2,2,2,2,2,2,2,2,2,2,2,2,2,2,2,2,2,2,2,2,2,2,2,2,1,2,2,2,2,2,2,2,2,2,2,2,2,2,2,2,2,2,2,2,2,2,2,2,2,2,2,2,2,2,1,3,3,3,3,4,4,4,4,4,4,4,4,4,4,4,4,4,4,4,4,4,4,4,4,4,4,4,4,4,1
0,2000,450,1,0,0,0,0,0,0,0,0,0,0,0,0,0,0,0,0,0,0,0,0,0,0,0,0,0,0,0,0,0,0,0,0,0,0,0,0,0,0,0,0,0,0,0,0,0,0,0,0,0,0,0,0,0,0,0,0,0,0,0,0,0,0,0,0,0,0,1,1,1,1,1,1,1,1,1,1,1,1,1,1,1,1,1,1,1,1,1,1,1,1,1,1,1,1,1,1,1,1,1,1,1,1,1,1,1,1,1,1,1,1,1,1,1,1,1,1,1,1,1,1,1,0,1,1,1,1,1,1,1,1,1,1,1,1,1,1,1,1,1,1,1,2,2,2,2,2,2,2,2,2,2,1
1,1600,250,1,1,3,4,7,9,10,10,10,10,11,11,11,11,11,11,11,18,18,18,24,25,25,25,25,25,26,26,26,26,26,26,0.03,0.05,0.24,0.35,0.35,0.35,0.35,0.35,0.36,0.36,0.36,0.36,0.36,0.36,0.36,0.98,0.98,0.98,1.35,1.35,1.35,1.35,1.35,1.35,1.36,1.36,1.36,1.36,1.36,1.36,0,0,0,3,3,5,6,6,6,6,6,9,9,9,9,9,9,9,9,9,9,9,10,10,10,10,10,10,11,11,2,3,3,4,5,5,5,5,5,5,5,5,5,5,5,6,7,7,8,8,8,8,8,8,8,8,8,8,8,8,4,5,5,5,5,5,5,5,5,5,5,5,5,5,5,6,7,8,8,8,8,8,8,8,8,8,8,8,8,8,1
0,3000,450,1,0,1,1,1,1,1,1,1,1,1,1,1,1,1,1,1,1,1,1,1,1,1,1,1,1,1,1,1,1,1,1,0.01,0.01,0.01,0.01,0.01,0.01,0.01,0.01,0.01,0.01,0.01,0.01,0.01,0.01,0.01,0.01,0.01,0.01,0.01,0.01,0.01,0.01,0.01,0.01,0.01,0.01,0.01,0.01,0.01,0.01,0,1,1,1,1,2,2,2,2,2,2,2,2,2,2,2,2,2,2,2,2,2,2,2,2,2,2,2,3,3,2,2,2,2,2,2,2,2,2,2,2,2,2,2,2,2,2,2,2,2,2,2,2,2,2,2,2,2,2,2,1,2,2,2,2,2,2,2,2,2,2,2,2,2,2,2,2,2,2,2,2,2,2,2,2,2,2,2,2,2,1
1,5000,100,3,0,2,2,3,3,3,4,4,5,5,5,5,5,5,5,5,5,5,5,5,5,5,5,6,6,6,6,6,6,6,6,0.23,0.23,0.34,0.34,0.34,0.45,0.45,0.45,0.45,0.45,0.45,0.45,0.45,0.45,0.45,0.45,0.45,0.45,0.45,0.45,0.45,0.45,2.21,2.21,2.21,2.21,2.21,2.21,2.21,2.21,25,25,25,25,26,34,39,40,39,39,41,42,42,42,43,42,41,41,41,43,42,43,43,43,44,44,44,44,44,44,2,2,2,2,2,2,2,2,2,2,2,2,2,2,2,2,2,2,2,2,2,2,3,3,3,3,3,3,3,3,0,6,7,10,12,13,15,17,18,19,20,21,23,23,23,23,23,25,25,26,26,28,28,30,31,31,31,31,31,31,3
0,1000,250,1,1,0,0,0,0,0,0,0,0,0,0,0,0,0,0,0,0,0,0,0,0,0,0,0,0,0,0,0,0,0,0,0,0,0,0,0,0,0,0,0,0,0,0,0,0,0,0,0,0,0,0,0,0,0,0,0,0,0,0,0,0,0,0,0,0,0,1,1,1,1,1,1,1,1,1,1,2,2,2,2,2,2,2,2,2,2,2,2,2,2,2,1,1,1,1,1,1,1,1,1,1,1,1,1,1,1,1,1,1,1,1,1,1,1,1,1,1,1,1,1,1,0,0,0,0,0,0,0,0,0,0,0,0,0,0,0,0,0,0,0,0,0,0,0,0,0,0,0,0,0,0,1
1,3650,100,1,0,362,364,366,366,366,366,366,366,367,367,367,367,367,367,367,367,367,367,367,367,367,367,367,367,367,367,367,367,367,367,1.04,1.04,1.05,1.05,1.05,1.05,1.05,1.05,1.05,1.05,1.05,1.05,1.05,1.05,1.05,1.05,1.05,1.05,1.05,1.05,1.05,1.05,1.05,1.05,1.05,1.05,1.05,1.05,1.05,1.05,12,11,11,11,12,13,13,13,13,13,13,13,13,13,13,13,13,13,13,13,13,13,13,13,13,14,14,14,14,14,7,7,7,7,7,7,7,7,7,7,7,7,7,7,7,7,7,7,7,7,7,7,7,7,7,7,7,7,7,7,4,8,8,8,9,9,9,9,9,9,9,9,9,9,9,9,9,9,9,9,9,10,10,10,10,10,10,10,10,11,0
0,30000,442,1,1,1,1,1,2,2,2,2,2,2,2,2,2,2,2,2,2,2,2,2,2,2,2,2,2,2,2,2,2,2,2,0,0,0,0.01,0.01,0.01,0.01,0.01,0.01,0.01,0.01,0.01,0.01,0.01,0.01,0.01,0.01,0.01,0.01,0.01,0.01,0.01,0.01,0.01,0.01,0.01,0.01,0.01,0.01,0.01,4,4,4,4,4,4,4,4,4,4,4,4,4,4,4,4,4,4,4,4,4,4,4,4,4,4,4,4,4,4,3,3,3,3,3,3,3,3,3,3,3,3,3,3,3,3,3,3,3,3,3,3,3,3,3,3,3,3,3,3,3,3,3,3,3,3,3,3,3,3,3,3,3,3,3,3,3,3,3,3,3,3,4,4,5,5,5,5,5,5,1
0,15000,518,2,0,0,0,0,0,0,0,0,0,0,0,0,0,0,0,0,0,0,0,0,0,0,0,0,0,0,0,0,0,0,1,0,0,0,0,0,0,0,0,0,0,0,0,0,0,0,0,0,0,0,0,0,0,0,0,0,0,0,0,0,0,0,0,0,0,0,0,0,0,0,0,0,0,0,0,0,0,0,0,0,0,0,0,0,0,0,0,0,0,0,0,1,1,1,1,1,1,1,1,1,1,1,1,1,1,1,1,1,1,1,1,1,1,1,1,1,1,1,1,1,2,3,3,3,3,3,3,3,3,3,3,3,3,3,3,3,3,3,4,4,4,4,4,6,6,7,8,8,9,9,10,3
0,5000,518,0,0,1,1,1,1,1,1,1,1,1,1,1,1,1,1,1,1,1,1,1,1,1,1,1,1,1,1,1,1,1,1,0.01,0.01,0.01,0.01,0.01,0.01,0.01,0.01,0.01,0.01,0.01,0.01,0.01,0.01,0.01,0.01,0.01,0.01,0.01,0.01,0.01,0.01,0.01,0.01,0.01,0.01,0.01,0.01,0.01,0.01,3,3,3,3,3,3,3,3,3,3,3,3,3,3,3,3,3,3,3,3,3,3,3,3,3,3,3,3,3,3,4,4,4,4,4,4,4,4,4,4,4,4,4,4,4,4,4,4,4,4,4,4,4,4,4,4,4,4,4,4,3,3,3,3,3,3,3,3,3,3,3,3,3,3,3,3,3,3,3,3,6,7,7,7,7,7,7,7,7,8,6
1,2222,674,0,0,12,19,21,22,22,22,22,22,23,23,23,23,,23,23,24,28,30,30,30,30,30,30,30,30,32,35,36,36,37,0.14,0.3,0.42,0.42,0.42,0.42,0.42,0.42,0.45,0.45,0.45,0.45,0.45,0.45,0.45,0.5,0.54,0.57,0.57,0.57,0.57,0.57,0.57,0.57,0.57,0.9,0.91,0.95,0.95,1,15,16,17,18,19,20,21,22,22,22,24,25,,27,27,27,28,31,31,31,31,33,33,33,33,33,33,33,33,33,1,2,2,3,3,3,3,3,4,5,5,5,,7,7,8,9,9,9,9,9,9,9,9,9,10,11,12,12,13,1,1,1,1,2,2,2,2,3,3,3,3,,3,3,3,3,3,3,3,3,3,3,4,4,4,6,10,10,10,6
0,10000,43,1,0,3,3,3,3,3,3,3,3,4,4,4,4,4,4,4,4,4,4,4,4,4,4,4,4,4,4,4,5,5,5,0,0,0,0,0,0,0,0,0.05,0.05,0.05,0.05,0.05,0.05,0.05,0.05,0.05,0.05,0.05,0.05,0.05,0.05,0.05,0.05,0.05,0.05,0.05,0.05,0.05,0.05,7,7,7,7,7,7,7,7,7,7,7,7,7,7,7,7,7,7,7,7,7,7,7,7,7,7,7,7,7,7,11,11,11,11,11,11,11,11,11,11,11,11,11,11,11,11,11,11,11,11,11,11,11,11,11,11,11,11,11,11,7,7,7,7,7,7,7,7,7,7,7,7,7,7,7,7,7,7,7,7,7,7,8,9,9,9,9,10,10,11,1
0,200000,276,3,0,14,14,14,15,15,16,16,18,21,21,21,21,21,21,21,21,23,23,23,23,23,23,24,25,25,25,26,26,27,27,0,0,0,0,0,0,0,0,0,0,0,0,0,0,0,0,0,0,0,0,0,0,0,0,0,0,0,0,0,0,0,0,0,0,0,0,0,0,0,0,0,0,0,0,0,0,0,0,0,0,0,0,0,0,0,0,0,0,0,0,2,2,2,2,2,2,2,2,2,2,2,2,2,2,2,2,2,2,2,2,2,2,2,2,2,2,2,2,2,2,4,4,4,4,4,4,4,4,4,4,4,4,4,5,5,5,5,5,5,5,5,5,5,5,6,6,8,8,8,8,3
1,1000,661,1,0,30,31,32,32,33,40,41,45,48,48,49,50,50,51,52,52,53,56,56,56,57,59,59,59,59,60,62,67,68,70,0.13,0.13,0.22,0.22,0.25,0.26,0.26,0.56,0.77,0.77,0.77,0.78,0.78,0.78,0.86,0.86,0.89,0.9,0.9,0.9,0.99,1.02,1.02,1.02,1.02,1.1,1.19,1.31,1.32,1.35,13,13,14,14,15,15,16,16,17,17,20,20,20,21,21,21,22,22,23,23,23,23,23,23,23,23,23,23,23,24,1,2,2,2,2,2,3,4,5,5,5,6,6,6,6,6,7,7,7,7,7,8,8,8,8,8,8,8,8,8,4,5,6,7,8,9,10,11,14,14,14,14,14,14,16,16,16,17,17,17,18,18,18,18,18,18,19,26,26,26,1
1,10000,272,0,1,1,6,7,9,11,11,11,11,13,14,15,16,22,22,22,23,24,26,27,27,28,29,31,33,34,35,35,36,37,37,0.03,0.14,0.16,0.21,0.25,0.25,0.25,0.25,0.3,0.32,0.35,0.37,1.04,1.04,1.04,1.07,1.1,1.15,1.17,1.17,1.21,1.25,1.29,1.34,1.36,1.39,1.39,1.41,1.44,1.52,0,0,0,1,1,2,2,2,3,3,3,3,4,5,10,10,11,12,12,12,13,19,19,19,19,19,19,19,19,20,2,2,2,2,2,2,2,2,2,2,2,2,3,3,3,3,3,3,3,3,3,3,3,3,4,4,4,4,5,6,2,5,6,6,7,7,7,7,8,10,13,13,15,16,17,17,17,17,19,19,19,20,20,21,21,21,22,22,22,22,6
1,500,518,2,0,3,6,8,11,14,17,18,18,18,20,20,20,20,20,23,25,25,26,26,26,26,28,28,28,28,29,29,30,30,31,0.18,0.43,0.5,0.57,1.1,1.63,1.63,1.63,1.63,1.81,1.81,1.81,1.81,1.81,2.08,2.15,2.15,2.32,2.32,2.32,2.32,2.4,2.4,2.4,2.4,2.57,2.57,2.64,2.64,2.82,0,0,0,1,1,0,0,0,0,0,0,0,0,0,0,0,0,0,0,0,0,0,0,0,0,0,0,0,0,0,2,2,2,3,5,5,5,5,5,5,5,5,5,5,5,5,5,5,5,5,5,5,5,5,5,5,5,5,5,5,4,7,8,10,15,15,16,17,19,20,21,23,23,23,24,25,25,27,28,29,29,30,32,33,33,35,36,36,36,36,3
0,80000,530,1,0,1,1,1,1,1,1,1,1,1,1,1,1,1,1,1,1,1,1,1,1,1,1,1,1,1,1,1,1,1,1,0,0,0,0,0,0,0,0,0,0,0,0,0,0,0,0,0,0,0,0,0,0,0,0,0,0,0,0,0,0,4,4,4,4,4,4,4,4,4,4,4,4,4,4,4,4,4,4,4,4,4,4,4,4,4,4,4,4,4,4,2,2,2,2,2,2,2,2,2,2,2,2,2,2,2,2,2,2,2,2,2,2,2,2,2,2,2,2,2,2,2,2,2,2,2,2,2,2,2,2,2,2,2,2,2,2,2,2,2,2,2,2,2,5,6,6,6,6,6,6,1
0,6800,547,1,0,2,2,2,2,2,2,2,2,2,2,2,2,2,2,2,2,2,2,2,2,2,2,2,2,2,2,2,2,2,2,0,0,0,0,0,0,0,0,0,0,0,0,0,0,0,0,0,0,0,0,0,0,0,0,0,0,0,0,0,0,0,0,0,0,0,0,0,0,0,0,0,0,0,0,0,0,0,0,0,0,0,0,0,0,0,0,0,0,0,0,2,2,2,2,2,2,2,2,2,2,2,2,2,2,2,2,2,2,2,2,2,2,2,2,2,2,2,2,2,2,2,2,2,2,3,3,3,3,3,3,3,3,3,3,3,3,3,3,3,3,3,3,5,6,7,8,8,8,8,8,0
0,300000,519,1,1,3,3,3,3,3,3,3,3,3,3,3,3,3,3,3,3,3,3,3,3,3,3,3,3,3,3,3,3,3,3,0,0,0,0,0,0,0,0,0,0,0,0,0,0,0,0,0,0,0,0,0,0,0,0,0,0,0,0,0,0,1,1,1,1,1,1,1,1,1,1,1,1,1,1,1,1,1,1,1,1,1,1,1,1,1,1,1,1,1,1,2,2,2,2,2,2,2,2,2,2,2,2,2,2,2,2,2,2,2,2,2,2,2,2,2,2,2,2,2,2,1,1,1,1,1,1,1,1,1,1,1,1,1,1,1,1,1,1,1,1,1,1,1,1,2,2,6,6,7,7,1
0,500000,401,1,1,3,3,3,4,4,4,4,4,4,4,4,4,4,4,4,4,4,4,4,4,4,4,4,4,4,4,4,4,4,4,0,0,0,0,0,0,0,0,0,0,0,0,0,0,0,0,0,0,0,0,0,0,0,0,0,0,0,0,0,0,1,1,1,1,1,1,1,1,1,1,1,1,1,1,1,1,1,1,1,1,1,1,1,1,1,1,1,1,1,1,2,2,2,2,2,2,2,2,2,2,2,2,2,2,2,2,2,2,2,2,2,2,2,2,2,2,2,2,2,2,3,3,3,3,3,3,3,3,3,3,3,3,3,3,3,3,3,3,3,3,3,3,5,5,6,6,7,7,7,7,1
0,100000,63,0,1,3,3,3,3,3,3,3,3,3,3,3,3,3,3,3,3,3,3,3,3,3,3,3,3,3,3,3,3,3,3,0,0,0,0,0,0,0,0,0,0,0,0,0,0,0,0,0,0,0,0,0,0,0,0,0,0,0,0,0,0,2,3,3,3,3,3,3,3,3,3,3,3,3,3,3,3,3,3,3,3,3,3,3,3,3,3,3,3,3,3,2,2,2,2,2,2,2,2,2,2,2,2,2,2,2,2,2,2,2,2,2,2,2,2,2,2,2,2,2,2,1,1,1,1,1,1,1,1,1,1,1,1,1,1,1,1,1,1,1,1,1,1,1,1,1,1,1,1,2,2,4
1,50000,674,0,0,78,78,78,79,79,79,82,82,82,82,83,83,83,83,83,84,84,84,84,84,85,85,85,85,85,90,91,92,94,100,0.49,0.49,0.49,0.49,0.49,0.49,0.63,0.63,0.63,0.63,0.63,0.63,0.63,0.63,0.63,0.64,0.64,0.64,0.64,0.64,0.65,0.65,0.65,0.65,0.65,0.71,0.73,0.73,0.83,1,58,59,60,60,61,61,61,62,62,62,63,63,63,63,63,63,64,64,64,64,65,65,65,65,65,66,66,67,67,67,5,5,5,6,6,6,6,6,6,6,6,6,6,6,6,6,6,6,6,6,6,6,6,6,6,6,6,6,6,8,14,14,14,14,14,14,15,15,15,15,15,15,15,16,17,19,19,19,19,19,19,20,20,21,21,21,22,22,23,24,6
1,2000,264,1,0,10,13,13,14,15,20,24,25,31,35,35,35,35,35,35,35,35,35,35,36,37,38,39,40,41,42,43,44,45,46,0.12,0.39,0.39,0.42,0.44,0.59,0.75,0.78,0.95,1.02,1.02,1.02,1.02,1.02,1.02,1.02,1.02,1.02,1.02,1.03,1.06,1.15,1.19,1.23,1.25,1.29,1.34,1.4,1.47,1.59,2,5,7,9,10,11,11,11,11,11,12,12,12,12,13,13,13,14,14,14,15,16,17,18,19,20,21,22,23,24,1,3,3,4,8,11,12,12,14,19,19,19,19,19,19,19,19,19,19,19,20,21,21,23,24,25,25,27,28,28,3,4,4,4,5,5,7,7,10,10,11,11,11,11,11,11,11,11,11,12,13,14,15,16,17,18,19,20,21,22,1
1,10000,264,1,0,18,27,27,29,30,34,50,54,56,57,59,67,69,71,73,74,77,77,80,84,84,87,87,87,87,88,88,88,90,94,0.64,1.28,1.28,1.28,1.28,1.28,1.5,1.5,1.5,1.5,1.71,1.93,1.93,1.93,1.93,2.14,2.36,2.36,2.36,2.36,2.36,2.36,2.36,2.36,2.36,2.36,2.36,2.36,2.36,2.57,3,4,5,6,7,8,9,13,16,17,18,18,21,24,25,26,26,26,27,27,27,27,29,29,29,29,30,30,30,30,1,0,1,2,3,4,5,5,5,5,5,5,5,5,5,5,5,5,5,5,5,5,6,6,6,6,6,6,6,6,5,7,9,9,10,12,12,13,15,19,21,23,23,24,24,24,25,25,27,28,28,29,29,29,29,30,30,31,32,32,1
1,120000,100,1,1,389,391,396,399,400,402,406,407,414,421,423,426,432,434,435,437,437,438,439,439,440,441,442,442,445,448,450,452,453,454,0.75,0.75,0.88,0.88,0.88,0.88,0.88,0.88,0.9,0.92,0.92,0.92,0.92,1,1.01,1.01,1.01,1.01,1.01,1.01,1.01,1.01,1.01,1.01,1.01,1.01,1.01,1.01,1.01,1.01,105,105,106,107,108,108,108,108,111,113,113,114,116,116,116,119,119,119,119,119,119,119,120,121,122,122,122,122,123,123,17,17,17,17,17,18,18,18,19,19,19,19,20,21,21,21,21,21,21,21,21,21,21,23,23,23,23,23,23,23,44,44,44,46,47,51,53,53,55,58,58,59,60,62,64,67,67,68,68,68,68,68,68,68,69,69,69,70,70,70,5
1,5000,266,3,0,1,2,3,4,6,6,7,7,8,11,11,12,15,16,16,16,16,18,18,18,18,18,19,19,20,21,22,24,24,24,0.04,0.38,0.42,0.45,0.53,0.53,0.57,0.57,0.6,0.72,0.72,0.76,0.92,0.95,0.95,0.95,0.95,1.03,1.03,1.03,1.03,1.03,1.07,1.07,1.1,1.14,1.18,1.26,1.26,1.26,2,2,2,2,3,3,4,4,5,3,5,5,6,5,5,5,5,5,5,5,5,5,5,5,5,5,5,6,6,6,1,1,2,3,3,3,3,3,3,3,3,3,4,4,4,4,4,5,5,5,5,5,5,5,5,5,5,5,5,5,6,7,8,9,10,11,13,13,14,14,15,17,17,17,19,22,24,25,25,27,29,29,29,33,33,34,34,35,35,35,3
1,500,518,2,1,1,3,3,3,3,3,3,4,4,6,7,9,13,15,15,16,17,18,21,22,24,26,28,30,32,34,36,38,39,39,0,0.01,0.01,0.01,0.01,0.01,0.01,0.2,0.2,0.39,0.39,0.45,0.59,0.78,0.78,0.78,0.79,0.79,0.79,0.8,0.8,0.8,0.81,0.81,1.19,1.38,1.58,1.58,1.58,1.58,3,4,5,6,7,8,9,12,12,13,14,15,14,13,13,13,13,14,14,14,16,16,16,16,17,17,17,18,21,21,1,1,1,1,1,1,1,2,2,2,2,2,3,3,3,3,3,3,3,3,3,3,3,3,4,4,4,4,5,5,1,2,3,4,4,4,5,5,5,5,5,6,7,8,10,11,13,13,13,14,16,16,17,20,20,20,21,21,21,22,3
1,10000,850,1,1,3,5,6,7,10,14,21,28,30,30,31,33,33,34,35,35,36,40,68,75,75,76,76,87,97,110,110,111,112,116,0.02,0.03,0.03,0.03,0.04,0.05,0.07,0.11,0.18,0.18,0.18,0.18,0.18,0.18,0.19,0.19,0.2,0.22,0.63,0.65,0.65,0.66,0.66,0.8,0.82,1.01,1.01,1.01,1.01,1.04,1,1,1,1,1,1,2,2,2,3,3,3,3,3,2,2,2,4,9,11,11,11,12,15,16,18,18,18,18,18,1,1,1,1,1,2,2,2,2,2,2,2,2,2,2,2,2,2,4,4,4,4,4,4,4,7,7,7,7,7,5,6,7,8,9,10,11,12,13,23,24,24,24,25,25,25,25,26,27,28,28,28,29,30,31,32,32,35,36,37,2
1,200000,100,0,0,10,165,263,370,372,388,392,395,399,402,406,420,423,424,424,436,437,443,444,445,445,446,489,854,893,947,1022,1036,1041,1043,0.03,0.05,0.14,0.16,0.16,0.16,0.16,0.16,0.16,0.17,0.17,0.17,0.17,0.17,0.17,0.17,0.17,0.17,0.17,0.17,0.17,0.17,0.17,0.18,0.18,0.23,0.43,0.75,1,1,28,29,31,35,37,39,40,40,43,44,45,45,45,45,45,47,47,47,47,48,48,48,61,62,62,62,62,62,62,62,2,3,4,5,5,5,5,5,5,5,5,5,5,5,5,5,5,5,5,5,5,5,5,6,6,6,6,7,8,8,6,9,13,19,19,19,20,20,20,21,21,21,24,24,24,24,24,25,26,29,30,32,34,36,36,37,40,40,41,41,4
0,100000,541,1,0,1,1,1,1,1,1,1,1,1,1,1,1,1,1,1,1,1,1,1,1,1,1,1,1,1,1,1,1,1,1,0.02,0.02,0.02,0.02,0.02,0.02,0.02,0.02,0.02,0.02,0.02,0.02,0.02,0.02,0.02,0.02,0.02,0.02,0.02,0.02,0.02,0.02,0.02,0.02,0.02,0.02,0.02,0.02,0.02,0.02,3,3,3,3,3,3,3,3,3,3,3,3,3,3,3,3,3,3,3,3,3,3,3,3,3,3,3,3,3,3,3,3,3,3,3,3,3,3,3,3,3,3,3,3,3,3,3,3,3,3,3,3,3,3,3,3,3,3,3,3,2,2,2,2,2,2,2,2,2,2,2,2,2,2,2,2,2,2,2,2,2,3,4,4,4,4,4,4,4,4,0
0,50000,511,1,0,1,1,1,1,1,1,1,1,1,1,1,1,1,1,1,1,1,1,1,1,1,1,1,1,1,1,1,1,1,1,0.02,0.02,0.02,0.02,0.02,0.02,0.02,0.02,0.02,0.02,0.02,0.02,0.02,0.02,0.02,0.02,0.02,0.02,0.02,0.02,0.02,0.02,0.02,0.02,0.02,0.02,0.02,0.02,0.02,0.02,8,8,8,8,8,8,8,8,8,8,8,8,8,8,8,8,8,8,8,8,8,8,8,8,8,8,8,8,8,8,2,2,2,2,2,2,2,2,2,2,2,2,2,2,2,2,2,2,2,2,2,2,2,2,2,2,2,2,2,2,3,3,3,3,3,3,3,3,3,3,3,3,3,3,3,3,3,3,3,3,3,3,3,3,3,3,5,6,7,7,1
0,50000,810,1,0,2,2,2,2,2,2,2,2,2,2,2,2,2,2,2,2,2,2,2,2,2,2,2,2,2,2,2,2,2,2,0,0,0,0,0,0,0,0,0,0,0,0,0,0,0,0,0,0,0,0,0,0,0,0,0,0,0,0,0,0,1,1,1,1,1,1,1,1,1,1,1,1,1,1,1,1,1,1,1,1,1,1,1,1,1,1,1,1,1,1,2,2,2,2,2,2,2,2,2,2,2,2,2,2,2,2,2,2,2,2,2,2,2,2,2,2,2,2,2,2,5,5,5,5,5,5,5,5,5,5,5,5,5,5,5,5,5,5,5,5,5,5,5,5,5,5,5,6,7,7,1
0,800000,215,0,1,2,2,2,2,2,2,2,2,2,2,2,2,2,2,2,2,2,2,2,2,2,2,2,2,2,2,2,2,2,2,0.01,0.01,0.01,0.01,0.01,0.01,0.01,0.01,0.01,0.01,0.01,0.01,0.01,0.01,0.01,0.01,0.01,0.01,0.01,0.01,0.01,0.01,0.01,0.01,0.01,0.01,0.01,0.01,0.01,0.01,1,1,1,1,1,1,1,1,1,1,1,1,1,1,1,1,1,1,1,1,1,1,1,1,1,1,1,1,1,1,2,2,2,2,2,2,2,2,2,2,2,2,2,2,2,2,2,2,2,2,2,2,2,2,2,2,2,2,2,2,16,16,16,16,16,16,16,16,17,18,18,19,19,19,19,19,19,19,20,22,22,24,25,25,25,25,28,29,29,29,0
1,60000,617,3,1,50,94,168,289,462,528,569,656,685,695,774,815,851,908,930,951,976,992,1018,1072,1171,1236,1294,1532,1794,1897,1972,2139,2170,2464,0.05,0.1,0.16,0.02,0.23,0.25,0.26,0.3,0.32,0.34,0.36,0.38,0.38,0.4,0.42,0.42,0.45,0.46,0.46,0.48,0.54,0.57,0.64,0.74,0.79,0.82,0.84,0.91,0.92,1.02,48,49,53,57,59,61,65,76,76,77,78,81,81,86,87,89,91,91,93,95,97,99,101,109,114,116,121,127,127,141,1,2,3,4,5,6,6,6,6,6,6,6,6,6,6,6,6,6,6,6,7,7,7,7,7,7,7,8,8,9,5,11,19,23,25,31,31,40,44,45,47,49,55,62,63,65,73,74,82,92,94,95,95,98,104,107,115,125,128,139,3
1,3000,71,0,0,2,5,5,5,5,5,5,5,5,5,6,6,6,6,8,8,8,8,9,9,9,9,9,9,13,14,14,15,15,15,0.01,0.5,0.5,0.5,0.5,0.5,0.5,0.5,0.5,0.5,0.53,0.53,0.53,0.53,0.59,0.59,0.59,0.59,0.6,0.6,0.6,0.6,0.6,0.6,1.11,1.18,1.18,1.18,1.18,1.18,1,2,2,2,2,2,2,2,2,2,2,2,2,3,3,3,3,3,3,3,3,3,3,3,3,3,3,3,3,3,2,3,3,3,3,3,3,3,3,3,3,3,3,3,3,3,3,3,3,3,3,3,3,3,4,4,4,4,4,4,2,2,2,2,2,2,2,2,2,2,2,2,2,2,3,3,3,3,3,3,3,3,3,3,3,7,7,7,7,7,6
1,3000,674,0,0,1,4,6,8,8,9,12,12,13,13,17,17,18,18,19,49,49,49,52,52,53,53,53,53,53,53,53,53,58,59,0.05,0.34,0.36,0.41,0.41,0.6,0.64,0.64,0.66,0.66,0.87,0.87,0.87,0.87,1.06,1.24,1.24,1.24,1.44,1.44,1.62,1.62,1.62,1.62,1.62,1.62,1.62,1.62,2.18,2.36,14,19,26,29,31,34,37,38,27,28,28,28,28,28,28,28,28,30,30,30,31,31,31,31,31,31,31,31,31,31,1,1,2,2,2,3,3,3,3,3,3,3,3,3,4,4,4,4,5,5,5,5,5,5,5,5,5,5,5,5,12,13,13,13,13,14,15,16,17,17,17,19,21,21,21,23,24,24,24,25,27,28,28,28,29,30,31,31,33,35,0
0,5000,100,3,1,0,0,0,1,1,1,1,1,1,1,1,1,1,1,1,1,1,1,1,1,1,1,1,1,1,1,1,1,1,1,0,0,0,0,0,0,0,0,0,0,0,0,0,0,0,0,0,0,0,0,0,0,0,0,0,0,0,0,0,0,2,2,2,2,2,2,2,2,2,2,2,2,2,2,2,3,3,3,3,3,3,3,3,3,3,3,3,3,3,3,2,2,2,3,3,3,3,3,3,3,3,3,3,3,3,3,3,3,3,3,3,3,3,3,3,3,3,3,3,3,7,7,7,7,7,7,7,8,8,8,8,8,8,9,9,9,9,9,9,9,10,10,10,10,11,11,11,12,12,12,3
0,500000,550,1,1,3,3,3,3,3,3,3,3,3,3,3,3,3,3,3,3,3,3,3,3,3,3,3,3,3,3,3,3,3,3,0,0,0,0,0,0,0,0,0,0,0,0,0,0,0,0,0,0,0,0,0,0,0,0,0,0,0,0,0,0,0,0,0,0,0,0,0,0,1,1,1,1,1,1,1,1,1,1,1,1,1,1,1,1,1,1,1,1,1,1,2,2,2,2,2,2,2,2,2,2,2,2,2,2,2,2,2,2,2,2,2,2,2,2,2,2,2,2,2,2,2,2,2,2,2,2,2,2,2,2,2,2,2,2,2,2,2,2,2,2,2,2,2,2,2,2,4,4,5,5,1
0,5000,210,3,0,20,23,26,28,30,31,31,34,34,35,35,36,36,36,36,37,39,39,40,40,41,43,43,44,44,44,45,48,48,51,0.07,0.09,0.11,0.13,0.13,0.13,0.13,0.13,0.13,0.14,0.14,0.15,0.15,0.15,0.15,0.15,0.16,0.16,0.17,0.17,0.17,0.19,0.19,0.21,0.21,0.21,0.21,0.22,0.22,0.22,0,1,1,0,2,2,2,2,2,2,2,2,2,2,2,2,2,2,2,2,2,2,2,2,2,2,2,2,2,3,4,5,5,6,7,7,7,7,7,7,7,7,7,7,7,7,7,7,7,7,7,7,7,7,7,7,7,7,7,8,11,14,15,16,17,17,17,18,18,20,21,24,24,24,24,25,28,28,29,30,31,31,33,33,33,33,34,35,35,36,3
1,10000,521,2,0,14,14,17,66,78,91,92,98,102,102,102,102,102,102,103,103,104,105,106,106,107,107,107,108,108,108,109,109,109,109,0.02,0.02,0.04,0.22,0.28,0.33,0.33,0.39,0.4,0.4,0.4,0.4,0.4,0.4,0.4,0.4,0.4,0.41,0.42,0.42,1.42,1.42,1.42,1.42,1.42,1.42,1.42,1.42,1.42,1.42,4,4,5,4,5,5,6,7,8,8,8,8,8,7,7,7,7,7,8,8,10,10,10,10,12,12,12,12,12,13,2,2,2,3,3,3,3,3,4,4,4,4,4,4,4,4,4,4,4,4,11,11,11,11,11,11,11,11,11,11,3,3,3,3,3,3,4,6,7,7,7,7,7,9,9,9,9,9,9,9,9,9,9,9,13,13,13,13,13,15,2
1,20000,210,0,1,69,125,125,125,127,128,129,129,129,130,132,132,153,165,167,168,168,168,168,168,168,168,173,175,176,176,176,180,180,181,0.24,0.33,0.33,0.33,0.35,0.35,0.36,0.36,0.36,0.36,0.37,0.37,0.4,0.41,0.42,0.42,0.42,0.42,0.42,0.42,0.42,0.42,0.46,0.46,0.51,0.51,0.51,1.01,1.01,1.01,29,57,57,63,63,63,63,63,63,63,64,64,66,68,68,69,69,70,70,70,70,70,70,70,71,71,71,71,71,72,4,6,6,6,6,6,6,6,6,6,6,6,6,6,6,6,6,6,6,6,6,6,6,6,8,8,8,9,9,9,28,33,33,34,34,34,35,35,36,36,36,36,41,42,42,42,42,42,42,42,42,42,42,42,42,43,43,43,43,43,4
1,20000,310,1,1,24,37,48,62,74,87,88,91,113,128,140,153,162,202,212,216,219,220,221,224,225,226,227,231,232,233,235,245,255,271,0.1,0.22,0.26,0.29,0.36,0.48,0.48,0.49,0.64,0.68,0.74,0.78,0.83,1.07,1.09,1.1,1.1,1.11,1.11,1.17,1.17,1.17,1.17,1.19,1.19,1.2,1.2,1.22,1.26,1.32,1,1,2,3,4,4,4,7,8,10,11,14,16,16,17,17,17,17,18,20,20,20,20,21,21,21,21,21,22,25,1,1,1,1,2,3,3,3,5,5,5,5,5,7,7,7,7,7,7,7,7,7,7,7,7,7,7,7,7,8,2,3,4,5,6,6,6,6,7,7,7,8,8,10,10,11,11,11,11,12,12,12,12,15,15,17,17,17,19,19,2
1,30000,10,1,0,57,127,168,193,218,254,298,299,299,300,300,301,301,301,303,303,303,305,308,314,309,315,310,316,311,317,312,318,313,325,0.07,0.23,0.25,0.4,0.06,0.66,0.68,0.7,0.7,0.96,0.96,0.96,0.96,0.96,0.97,0.97,0.97,0.97,0.97,0.97,0.97,0.97,0.97,0.98,0.98,0.98,0.98,0.98,0.98,1.01,15,18,21,24,27,30,55,55,57,57,57,57,58,58,58,59,59,60,62,64,65,66,66,66,67,67,67,67,67,67,1,2,3,4,5,5,5,5,5,7,7,7,7,7,7,7,7,7,7,7,8,8,8,8,8,8,8,8,8,8,13,15,17,19,21,23,44,44,45,46,47,47,47,47,47,48,50,51,54,55,56,56,56,57,59,59,59,59,59,59,5
1,3000,71,0,0,3,4,6,7,7,7,7,9,9,9,10,10,10,10,11,11,11,11,11,11,11,12,12,12,14,15,15,15,16,17,0.01,0.01,0.38,0.38,0.38,0.38,0.38,0.39,0.39,0.39,0.58,0.58,0.58,0.58,0.75,0.75,0.75,0.75,0.75,0.75,0.75,0.76,0.76,0.76,1.12,1.13,1.13,1.13,1.13,1.13,1,3,4,4,4,5,5,5,5,5,5,6,6,7,7,7,7,7,7,7,7,7,7,7,7,7,7,7,7,7,1,1,2,2,2,2,2,2,2,2,3,3,3,3,3,3,3,3,3,3,3,3,3,3,5,5,5,5,5,5,2,5,7,7,7,7,7,8,9,9,11,11,11,12,12,12,13,13,13,13,14,14,14,14,14,16,16,16,16,17,6
1,5000,730,1,0,59,63,72,73,74,75,89,93,105,105,108,109,111,113,114,115,116,117,118,123,124,126,128,130,136,145,150,165,168,170,0.13,0.15,0.2,0.21,0.21,0.21,0.28,0.36,0.56,0.56,0.57,0.59,0.61,0.62,0.63,0.63,0.63,0.63,0.63,0.71,0.71,0.73,0.8,0.81,0.83,0.88,0.93,1.08,1.09,1.1,13,15,17,19,21,23,25,27,39,40,40,41,41,42,42,42,42,42,42,43,43,44,44,44,46,47,47,47,48,49,1,2,2,2,3,3,3,4,5,5,5,5,5,5,5,5,5,5,5,5,5,5,5,5,5,5,6,7,7,8,1,2,2,2,3,4,5,6,7,7,7,7,7,8,9,9,9,9,9,11,13,14,14,15,16,20,20,21,21,24,2
0,8000,410,0,0,1,2,2,2,2,2,2,2,2,2,2,2,2,2,3,3,3,3,4,4,4,4,4,4,4,4,4,4,4,4,0,0,0,0,0,0,0,0,0,0,0,0,0,0,0,0,0,0,0,0,0,0,0,0,0,0,0,0,0,0,3,3,3,3,3,3,3,4,4,4,4,4,4,4,6,6,6,6,6,6,6,7,7,7,7,7,7,7,7,7,2,2,2,2,2,2,2,2,2,2,2,2,2,2,2,2,2,2,2,2,2,2,2,2,2,2,2,2,2,2,1,2,1,2,1,2,2,2,3,4,4,4,4,4,4,4,4,4,4,4,4,4,4,4,4,5,5,5,5,5,3
0,600000,850,0,0,3,3,3,3,3,3,3,3,3,3,3,3,3,3,3,3,3,3,3,3,3,3,3,3,3,3,3,3,3,3,0,0,0,0,0,0,0,0,0,0,0,0,0,0,0,0,0,0,0,0,0,0,0,0,0,0,0,0,0,0,2,2,2,2,2,2,2,2,2,2,3,3,3,3,3,3,3,3,4,4,4,4,4,4,4,4,4,4,4,4,3,3,3,3,3,3,3,3,3,3,3,3,3,3,3,3,3,3,3,3,3,3,3,3,3,3,3,3,3,3,4,4,4,4,4,4,4,4,4,4,4,4,4,4,4,4,4,4,5,5,6,6,6,6,6,6,6,6,6,6,0
0,20000,410,0,0,0,0,0,0,0,0,0,0,0,0,0,0,0,0,0,0,0,0,0,0,0,0,0,0,0,0,0,0,0,0,0,0,0,0,0,0,0,0,0,0,0,0,0,0,0,0,0,0,0,0,0,0,0,0,0,0,0,0,0,0,2,2,2,2,2,2,2,2,2,2,2,2,2,3,3,3,3,3,3,3,3,3,3,3,3,3,3,3,3,3,1,1,1,1,1,1,1,1,1,1,1,1,1,1,1,1,1,1,1,1,1,1,1,1,1,1,1,1,1,1,0,0,0,0,0,0,0,0,0,0,0,0,0,0,0,0,0,0,0,0,0,0,0,0,0,0,0,0,0,0,0
0,5000,410,3,0,2,3,4,17,18,19,19,21,21,23,23,25,25,26,27,27,28,29,30,30,34,35,35,36,37,38,39,40,43,45,0.02,0.03,0.04,0.04,0.04,0.04,0.04,0.05,0.05,0.06,0.06,0.08,0.08,0.09,0.1,0.1,0.1,0.11,0.12,0.12,0.12,0.12,0.12,0.12,0.13,0.13,0.14,0.14,0.15,0.15,4,5,7,11,11,11,11,11,11,11,11,11,11,11,11,11,11,11,11,11,11,11,12,12,12,12,12,12,12,13,1,2,2,2,2,2,2,2,2,2,2,2,2,2,2,2,2,2,2,2,2,2,2,2,2,2,2,2,2,2,3,4,5,9,11,11,11,11,13,13,14,14,14,14,15,15,16,16,16,17,18,18,18,18,18,19,20,22,22,22,3
1,39000,51,1,1,18,63,69,75,78,83,84,109,118,119,120,127,130,133,138,141,144,147,149,151,151,152,154,157,159,160,160,164,164,167,0.21,0.69,0.77,0.77,0.78,0.84,0.84,0.87,0.87,0.89,0.9,0.9,0.91,0.91,0.91,0.92,0.92,0.92,0.92,0.92,0.92,0.92,0.92,0.93,0.93,0.93,0.93,0.94,0.94,1.01,3,5,7,10,12,12,14,18,19,20,21,22,23,25,26,26,26,27,26,27,27,27,28,28,29,29,30,30,30,30,2,3,4,5,5,5,5,6,6,7,7,7,7,7,7,7,7,7,7,7,7,7,7,7,7,7,7,7,7,8,3,4,5,8,9,10,12,14,16,18,19,21,21,22,24,26,29,32,32,33,33,33,33,34,34,34,34,35,35,35,5
0,1000000,410,0,0,12,13,18,19,23,26,26,27,27,57,57,57,57,57,57,57,57,57,57,57,57,57,57,57,57,57,57,57,57,57,0,0,0,0,0.01,0.01,0.01,0.01,0.01,0.01,0.01,0.01,0.01,0.01,0.01,0.01,0.01,0.01,0.01,0.01,0.01,0.01,0.01,0.01,0.01,0.01,0.01,0.01,0.01,0.01,1,2,2,2,2,2,2,3,3,3,3,3,3,3,3,3,3,4,4,4,4,4,4,4,4,4,4,4,4,4,2,2,2,2,2,2,2,2,2,3,3,3,3,3,3,3,3,3,3,3,3,3,3,3,3,3,3,3,3,3,0,1,2,3,3,3,3,3,3,4,4,4,4,4,4,4,4,4,4,4,5,5,6,6,6,6,6,6,6,6,3
1,5000,51,3,1,2,3,4,4,4,4,6,6,8,8,8,10,10,10,12,13,14,15,15,16,16,17,18,20,21,26,26,33,35,38,0.08,0.11,0.14,0.14,0.14,0.14,0.19,0.19,0.22,0.22,0.22,0.3,0.3,0.3,0.36,0.38,0.41,0.44,0.44,0.49,0.49,0.55,0.6,0.68,0.71,0.87,0.87,1.09,1.15,1.23,7,7,8,13,14,18,19,19,20,20,20,22,23,23,23,24,24,24,25,25,26,27,27,27,27,27,27,27,27,27,2,2,2,2,2,2,2,2,2,2,2,2,2,2,2,2,2,2,2,3,3,3,3,3,3,3,3,5,5,5,10,10,10,11,13,14,15,15,16,17,19,19,20,21,22,22,23,24,25,26,27,28,30,32,34,36,36,38,39,39,3
0,5000,410,0,0,5,9,17,18,19,19,21,21,23,23,25,25,26,27,27,28,29,30,30,34,35,35,36,37,38,39,40,40,43,45,0.02,0.04,0.04,0.04,0.04,0.04,0.05,0.05,0.06,0.06,0.08,0.08,0.09,0.1,0.1,0.1,0.11,0.12,0.12,0.12,0.12,0.12,0.12,0.13,0.13,0.14,0.14,0.14,0.15,0.15,8,9,11,11,11,11,11,11,11,11,11,11,11,11,11,11,11,11,11,11,11,12,12,12,12,12,12,12,12,13,1,1,2,2,2,2,2,2,2,2,2,2,2,2,2,2,2,2,2,2,2,2,2,2,2,2,2,2,2,2,5,8,9,11,11,11,11,13,13,14,14,14,14,15,15,16,16,16,17,18,18,18,18,18,19,20,22,22,22,22,3
1,3000,51,3,1,10,16,26,30,37,38,40,43,47,50,58,62,65,70,71,72,75,78,81,83,84,87,89,92,92,93,94,95,96,97,0.4,0.94,1.24,1.34,1.44,1.47,1.51,1.54,1.58,1.58,1.58,1.59,1.59,1.59,1.59,1.59,1.59,1.6,1.6,1.6,1.6,1.6,1.6,1.61,1.61,1.61,1.61,1.61,1.61,1.61,4,5,7,7,8,9,11,12,14,16,17,17,17,17,18,18,20,20,20,20,22,22,22,22,23,24,24,24,24,24,2,5,6,6,7,7,7,7,7,8,8,8,8,8,8,8,8,8,8,8,8,8,8,8,8,8,8,8,8,8,8,9,15,17,19,19,21,21,21,21,21,21,22,23,24,24,25,27,28,30,31,33,33,34,34,35,35,35,39,41,3
1,10000,410,0,0,4,36,50,67,73,78,85,101,106,115,120,131,140,149,167,197,218,222,232,248,250,259,263,268,283,287,302,302,306,311,0.12,0.18,0.22,0.26,0.28,0.29,0.32,0.41,0.44,0.49,0.53,0.65,0.68,0.73,0.85,0.91,0.95,0.98,0.99,1.05,1.07,1.13,1.15,1.18,1.21,1.22,1.3,1.3,1.31,1.34,2,5,7,10,11,12,15,15,18,18,19,19,22,24,25,25,27,27,27,32,36,38,39,44,50,52,57,57,60,65,3,6,7,7,7,7,7,8,8,8,9,9,9,9,9,10,9,9,9,10,11,11,11,12,13,13,15,15,16,16,20,25,28,30,32,35,37,42,45,47,52,53,55,55,61,64,72,76,82,85,86,90,94,97,99,99,103,103,106,107,3
0,1000,410,0,0,2,2,2,2,2,2,2,2,2,2,2,2,2,2,2,2,2,2,2,2,2,2,2,2,2,2,2,2,2,2,0.05,0.05,0.05,0.05,0.05,0.05,0.05,0.05,0.05,0.05,0.05,0.05,0.05,0.05,0.05,0.05,0.05,0.05,0.05,0.05,0.05,0.05,0.05,0.05,0.05,0.05,0.05,0.05,0.05,0.05,2,2,2,2,2,2,2,2,2,2,2,2,2,2,2,2,2,2,2,3,4,4,4,4,4,4,4,4,4,4,2,2,2,2,2,2,2,2,2,2,2,2,2,2,2,2,2,2,2,2,2,2,2,2,2,2,2,2,2,2,3,4,3,4,4,4,4,4,4,4,4,4,4,4,4,4,4,4,4,4,4,4,4,4,4,4,4,4,4,4,3
0,1500,410,0,0,3,3,3,3,3,3,3,3,3,3,3,3,3,3,3,3,3,3,3,3,3,3,3,3,3,3,3,3,3,3,0.01,0.01,0.01,0.01,0.01,0.01,0.01,0.01,0.01,0.01,0.01,0.01,0.01,0.01,0.01,0.01,0.01,0.01,0.01,0.01,0.01,0.01,0.01,0.01,0.01,0.01,0.01,0.01,0.01,0.01,3,3,3,3,3,3,3,3,3,3,3,3,3,3,3,3,3,3,4,4,4,4,4,4,4,4,4,4,4,4,2,2,2,2,2,2,2,2,2,2,2,2,2,2,2,2,2,2,2,2,2,2,2,2,2,2,2,2,2,2,3,3,3,3,3,3,3,3,3,3,3,3,3,3,3,3,3,3,3,3,3,3,3,3,3,3,3,3,3,3,3
